,,Total signal,1000,1000,1000,1000,1000,1000,1000,1000,1000,1000,1000,#NAME?,1000,1000,1000,1000,1000
,,0s,93%,94%,89%,70%,94%,94%,95%,92%,80%,91%,90%,#NAME?,89%,92%,88%,69%,92%
,,Data ID,022_P2_A11_heart_18C36_PWD_lean_0.mzXML,098_P2_C01_heart_18C37_PWD_lean_0.mzXML,020_P2_A10_heart_18C41_PWD_lean_0.mzXML,106_P2_C05_heart_18C42_PWD_lean_0.mzXML,116_P2_C10_heart_NPC1_PWD_lean_0.mzXML,062_P2_B07_heart_NPC2_PWD_lean_0.mzXML,120_P2_C12_heart_NPC3_PWD_lean_0.mzXML,056_P2_B04_heart_RC59_PWD_lean_0.mzXML,264_P2_F12_heart_18F50_PWD_obese_0.mzXML,244_P2_F02_heart_18F52_PWD_obese_0.mzXML,292_P2_G02_heart_18F54_PWD_obese_0.mzXML,296_P2_G04_heart_18F55_PWD_obese_0.mzXML,168_P2_D12_heart_18F57_PWD_obese_0.mzXML,154_P2_D05_heart_NPF1_PWD_obese_0.mzXML,200_P2_E04_heart_NPF2_PWD_obese_0.mzXML,210_P2_E09_heart_NPF4_PWD_obese_0.mzXML,150_P2_D03_heart_NPF5_PWD_obese_0.mzXML
,,Sample ID,18C36,18C37,18C41,18C42,NPC1,NPC2,NPC3,RC59,18F50,18F52,18F54,18F55,18F57,NPF1,NPF2,NPF4,NPF5
,,Phenotype,lean,lean,lean,lean,lean,lean,lean,lean,obese,obese,obese,obese,obese,obese,obese,obese,obese
,,Group,PWD,PWD,PWD,PWD,PWD,PWD,PWD,PWD,PWD,PWD,PWD,PWD,PWD,PWD,PWD,PWD,PWD
,,Compartment,Hea,Hea,Hea,Hea,Hea,Hea,Hea,Hea,Hea,Hea,Hea,Hea,Hea,Hea,Hea,Hea,Hea
,,Handling,Whole,Whole,Whole,Whole,Whole,Whole,Whole,Whole,Whole,Whole,Whole,Whole,Whole,Whole,Whole,Whole,Whole
,,96wPL No.,P2,P2,P2,P2,P2,P2,P2,P2,P2,P2,P2,#NAME?,P2,P2,P2,P2,P2
,,Address,A11,C01,A10,C05,C10,B07,C12,B04,F12,F02,G02,G04,D12,D05,E04,E09,D03
Lipid variable,Category,m/z,18C36,18C37,18C41,18C42,NPC1,NPC2,NPC3,RC59,18F50,18F52,18F54,18F55,18F57,NPF1,NPF2,NPF4,NPF5
CEXXX(16:03)_[M+Na]1+,SE,641.5268,0.771,0,0,0,0,0,0,0,0,0,0,0.055,0,0.001,0,0,0
CEXXX(18:00)_[M+Na]1+,SE,675.6051,0.018,0.97,0.873,0.024,0,0,0,0.562,0.351,0,0,0.451,0.198,0,0,0,0
CEXXX(18:02)_[M+Na]1+,SE,671.5738,0,0,0,0,0,0,0,0,0.459,0,0,0,0.611,0,0,0,0
CEXXX(20:04)_[M+NH4]1+,SE,690.6184,0,0,0,0,0,0.842,0,0,0,0,0,0,0,0,0,0,0
CEXXX(22:06)_[M+Na]1+,SE,719.5738,0,0,0,0,0,0,0,0,0.33,0,0,0,0,0,0,0,0
CEXXX(22:06)_[M+NH4]1+,SE,714.6184,0,0,0,0,0,0,0,0,0.534,0,0,0,0,0,0,0,0
CerXX(36:02)_[M+H-H2O]1+,Cer,546.5245,0,0,0,0,0,0,0,0,0,0,0,0,0,0,0,0,0
CerXX(39:01)_[M+H-H2O]1+,Cer,590.5871,0,0,0,0,0,0,0,0,0,0,0,0,0,0,0,0,0
CerXX(40:02)_[M+H]1+,Cer,620.5976,0,0,0,0,0,0,0,0,0,0,0,0,0,0,0,0,0
CerXX(41:02)_[M+H]1+,Cer,634.6133,0,0,0,0,0,0,0,0,0,0,0,0,0,0,0,0,0
CerXX(42:01)_[M+H-H2O]1+,Cer,632.634,0,0,0,0,0,0,0,0,0,0,0,0,0,0,0,0,0
CerXX(42:02)_[M+H-H2O]1+,Cer,630.6184,0,0,0,0,0,0,0,0,0,0,0,0,0,0,0,0,0
CerXX(43:03)_[M+H]1+,Cer,660.629,0,0,0,0,0,0,0,0,0,0,0,0,0,0,0,0,0
DGXXX(24:01)_[M+H-H2O]1+,TG,437.363,0.666,5.795,4.524,3.348,1.6,28.785,0,10.477,1.65,0,2.998,1.195,0.79,5.071,3.485,1.162,2.804
DGXXX(30:01)_[M+H-H2O]1+,TG,521.4564,0.99,0,0,8.957,1.963,0,0,0,69.803,0,1.079,3.64,0,0,2.329,7.181,1.258
DGXXX(30:02)_[M+H-H2O]1+,TG,519.4408,0,0,0,0.275,0,0,0,0,5.663,0,0,0.591,0,0,1.133,3.918,0
DGXXX(32:01)_[M+H-H2O]1+,TG,549.4877,175.248,130.813,109.788,69.032,124.61,115.771,152.729,100.77,179.647,129.975,137.176,110.338,149.419,132.094,322.03,45.758,119.744
DGXXX(33:01)_[M+H-H2O]1+,TG,563.5034,0,0,0,2.03,0,0,0,0,50.151,0,0.046,1.293,0.64,0,0,3.526,0
DGXXX(33:02)_[M+H-H2O]1+,TG,561.4877,0,0,0,0.071,0,0,0,0,10.619,0,0,0,0,0,0,2.326,0
DGXXX(33:03)_[M+H-H2O]1+,TG,559.4721,0,0,0,0,0,0,0,0,0,0,0,0,0,0,0,0.02,0
DGXXX(34:01)_[M+H-H2O]1+,TG,577.519,764.752,795.819,709.603,238.283,768.122,701.715,791.501,717.019,426.868,753.751,739.346,509.543,758.045,733.133,454.152,148.764,715.668
DGXXX(34:02)_[M+NH4]1+,TG,610.5405,0,1.66,0,0,0,1.016,2.189,0,1.007,0,0,0,0.824,0,0,0,0
DGXXX(34:03)_[M+H-H2O]1+,TG,573.4877,0,0,0,16.832,0,0,0,0,6.11,0,0,4.7,0,0,0,50.328,0
DGXXX(35:01)_[M+H-H2O]1+,TG,591.5347,0.635,0,0,0.72,0,0,0,0,2.132,0,0,0,0,0,0,1.915,0
DGXXX(35:02)_[M+H-H2O]1+,TG,589.519,0,0,0,0.642,0,0,0,0,0.872,0,0,0,0,0,0,3.462,0
DGXXX(35:03)_[M+H-H2O]1+,TG,587.5034,0,0,1.144,0,0,0,0,0,0,0,0,0,0.881,0,0,1.911,0
DGXXX(35:05)_[M+NH4]1+,TG,618.5092,0,0,0,0,0,0,0,0.883,0.441,0,0.896,0,0,0,1.24,0.402,0
DGXXX(36:03)_[M+H-H2O]1+,TG,601.519,0.674,0,0,57.297,0,0,0,1.761,5.449,0,0,51.074,0,0,0,160.045,0
DGXXX(36:04)_[M+H-H2O]1+,TG,599.5034,0,0,0,9.412,0,0,0,0,1.39,0,0,21.207,0,0,0,73.69,0
DGXXX(37:03)_[M+H-H2O]1+,TG,615.5347,0,0,0,0,0,0,0,0,0,0,0,0,0,0,0,0.331,0
DGXXX(38:01)_[M+H-H2O]1+,TG,633.5816,0.902,0,1.026,0.061,0,0,0,0,0,0.641,0,0,0.75,0,0,0.079,0
DGXXX(38:03)_[M+NH4]1+,TG,664.5875,0,0,0,0,0,0,0,0,0,0,0,0,0,0,0,0,0
DGXXX(38:04)_[M+H-H2O]1+,TG,627.5347,14.76,10.079,7.78,2.185,0,4.945,10.02,0,1.291,3.957,2.454,0.888,5.301,3.957,0,1.731,0.708
DGXXX(40:06)_[M+H-H2O]1+,TG,651.5347,2.065,1.11,0.105,1.421,0,0.259,0,0,0,0,0.094,0,0.144,0,0,0.024,0
DGXXX(40:10)_[M+NH4]1+,TG,678.5092,0,0,0,0,0,0,0,0,0,0,0,0,0,0,0,0,0
DGXXX(41:02)_[M+NH4]1+,TG,708.6501,0,0,0,0,0,0,0,0,0,0,0,0,0,0,0,0,0
DGXXX(41:06)_[M+NH4]1+,TG,700.5875,0,0,0,0,0,0,0,0,0,0,0,0,0,0,0,0,0
DGXXX(42:06)_[M+NH4]1+,TG,714.6031,0,0,0,0,0,0,0,0,0.206,0,0,0,0,0,0,0,0
DGXXX(42:07)_[M+NH4]1+,TG,712.5875,0,0,0,0.068,0,0,0,0,0,0,0,0,0,0,0,0,0.842
DGXXX(42:08)_[M+H-H2O]1+,TG,675.5347,0,0,0,0,0,0,0,0,0,0,0,0,0,0,0,0,0
DGXXX(42:10)_[M+NH4]1+,TG,706.5405,0,0,0,0,0,0,0,0,0,0,0,0,0,0,0,0,0
DGXXX(44:04)_[M+H-H2O]1+,TG,711.6286,0,0,0,0,0,0,0,0,0,0,0,0,0,0,0,0,0
DGXXX(44:06)_[M+H-H2O]1+,TG,707.5973,0,0,0,0,0,0,0,0,0,0,0,0,0,0,0,0,0
DGXXX(44:07)_[M+H-H2O]1+,TG,705.5816,0,0,0,0,0,0,0,0,0,0,0,0,0,0,0,0,0
DGXXX(44:09)_[M+H-H2O]1+,TG,701.5503,0,0,0,0,0,0,0,0,0,0,0,0,0,0,0,0,0
DGXXX(46:00),TG,782.7601,0,0,0,0,0,0,0,0,0,0,0,0,0,0,0,0,0
LPCXX(16:00)_[M+H]1+,LPC,496.3398,0,1.009,0,5.764,3.42,1.785,0,14.716,0.947,0,1.055,0,0,0.912,1.425,0.066,0
LPCXX(18:00)_[M+H]1+,LPC,524.3716,0,0,0,0.665,1.931,0,0,1.686,0.407,0.146,0.823,0,0,0,1.041,0.043,0
LPCXX(18:01)_[M+H]1+,LPC,522.3559,0,0,0.926,1.626,1.74,0,0,0,0,0,0,0.049,0,0,2.571,0.03,0
LPEXX(18:01)_[M+H]1+ / LPCXX(15:01)_[M+H]1+,LPE,480.3085,0,0,0,0,0,0,0,0,0,0,0,0,0,0,0,0.015,0
LPEXX(22:06)_[M+H]1+,LPE,526.2928,0,0,0,0.108,0,0.233,0,0,10.727,0,0.771,4.539,0,0.57,1.877,0.014,0
LPIXX(20:02)_[M+Na]1+,LPI,647.3167,0,0,0,0,0,0,0,0,0,0,0,0,0,0,0,0,0
LPIXX(20:04)_[M+NH4]1+,LPI,638.33,0,0,0,0.037,0,0,0,0,0,0,0,0,0,0,0,0,0
LPIXX(22:04)_[M+H]1+,LPI,649.3347,0,0,0,0,0,0,0,0,0,0,0,0.628,0,0,0,0.011,0
LPSXX(17:01)_[M+H]1+,LPS,510.2826,0,0,0,0,2.751,0,0,3.464,0.442,0,1.047,1.182,0,0,2.686,0.023,1.154
LPSXX(20:05)_[M+H]1+,LPS,544.267,0,0,0,0,0,0,0,0,0,0,0,0,0,0,0,0,0
PAXXX(33:03)_[M+Na]1+,PA,679.4309,0,0,0.579,10.197,0,0,0,0.991,0.545,0.798,2.256,0.596,0.907,3.751,4.13,12.092,7.74
PAXXX(35:00)_[M+Na]1+,PA,713.5092,0,0,0,0.621,0,0,0,0,0,0,0,0,0,0,0,0.442,0
PAXXX(38:05)_[M+Na]1+,PA,745.4779,0,0,0,0,0,0,0,0,0,0,0,0,0,0,0,0,0
PAXXX(40:05)_[M+Na]1+,PA,773.5092,0,0,0,0,0,0,0,0,0,0,0,0,0,0,0.322,0,0
PAXXX(42:04)_[M+Na]1+,PA,803.5561,0,0,0,0.003,0,0,0,0,0,0,0,0,0,0,0,0,0
PAXXX(42:05)_[M+Na]1+,PA,801.5405,0,0,0,0,0,0,0,0,0,0,0,0,0,0,0,0,0
PAXXX(42:08)_[M+Na]1+,PA,795.4935,0,0,0,0,0,0,0,0,0,0,0,0,0,0,0,0,0
PAXXX(42:09)_[M+Na]1+,PA,793.4779,0,0,0,0,0,0,0,0,0,0,0,0,0,0,0,0,0
PAXXX(43:04)_[M+Na]1+,PA,817.5718,0,0,0,0.051,0,0,0,0,0,0,0,0,0,0,0,0,0
PAXXX(43:06)_[M+Na]1+,PA,813.5405,0,0,0,0.05,0,0,0,0,0,0,0,0,0,0,0,0,0
PAXXX(44:12)_[M+Na]1+,PA,815.4622,0,0,0,0,0,0,0,0,0,0,0,0,0,0,0,0,0
PCXXX(28:00)_[M+H]1+,PC,678.5074,0,0,0,0,0,0,0,0,0,0,0,0,0,0,0,0,0
PCXXX(30:00)_[M+H]1+,PC,706.5387,0,0,0,0,0,0,0,0,0,0,0,0,0,0,0,0,0
PCXXX(30:05)_[M+H]1+,PC,696.4605,0,0,0,0,0,0,0,0,0,0,0,0,0,0,0,0,0
PCXXX(32:02)_[M+H]1+,PC,730.5387,0,0,0,0.038,0,0,0,0,0,0,0,0,0,0,0,0,0
PCXXX(34:01)_[M+H]1+,PC,760.5851,6.037,7.121,17.145,13.727,7.211,14.339,1.973,2.193,12.815,48.801,54.906,23.969,29.767,8.129,1.025,0.299,43.95
PCXXX(34:03)_[M+H]1+,PC,756.5543,0,0,0,0,0,0,0,0,0.289,0,0,0,0,0,0,0,0
PCXXX(36:01)_[M+H]1+,PC,788.6169,0,0,0,4.29,0,0,0,0,0,0,0,0,0,0,0,0.011,0
PCXXX(36:02)_[M+H]1+,PC,786.6013,0,0,0.529,4.08,0,0,0,0,0,0,0,0,0,0,0,0.46,0
PCXXX(36:03)_[M+H]1+,PC,784.5851,0,0.452,14.878,0.574,0,0,0,0,25.597,0.67,0,21.229,3.003,0.498,0,0.019,1.148
PCXXX(36:04)_[M+H]1+,PC,782.57,1.143,1.968,0.721,8.75,3.066,21.568,1.078,22.52,4.594,15.294,9.578,3.653,5.977,16.711,72.106,1.374,11.194
PCXXX(38:01)_[M+H]1+,PC,816.6482,0,0,0,0,0,0,0,0,0,0,0,0,0,0,0,0,0
PCXXX(38:03)_[M+H]1+,PC,812.6169,0,0,0,0,0,0,0,0,0,0,0,0,0,0,0,0,0
PCXXX(38:04)_[M+H]1+,PC,810.6013,0,0,1.157,4.71,1.289,1.42,0,0.948,1.421,2.212,0,1.288,0,1.304,11.097,0.351,2.513
PCXXX(38:05)_[M+H]1+,PC,808.5856,0,0,0,0.088,0,0,0,0,0,0,0,0,0,0,0,0,0
PCXXX(38:06)_[M+H]1+,PC,806.57,0,0,0,0.981,0,0,0,0,0,0,0,0,0,0,0,0,0
PCXXX(40:04)_[M+H]1+,PC,838.6326,0,0,0,0,0,0,0,0,0,0,0,0,0,0,0,0.011,0
PCXXX(40:07)_[M+H]1+,PC,832.5851,0,0,0,0.06,0,0,0,0,0,0,0,0,0,0,0,0,0
PCXXX(40:08)_[M+H]1+,PC,830.5694,0,0,0,0.025,1.4,0,0,0,0,0,0,1.074,0,0,0,0,0
PCXXX(40:10)_[M+H]1+,PC,826.5381,0,0,0,0,0,0,0,0,0,0,0,0,0,0,0,0,0
PCXXX(42:04)_[M+H]1+,PC,866.6633,0,0,0,0,0,0,0,0,0,0,0,0,0,0,0,0,0
PCXXX(44:00)_[M+H]1+,PC,902.7578,0,0,0,0,0,0,0,0,0,0,0,0.413,0,0,0,0,0
PC-OX(35:03)_[M+H]1+,PC-O,756.5902,0,0,0,0,0,0,0,0,0,0,0,0,0,0,0,0,0
PC-OX(20:01)_[M+H]1+,PC-O,550.3867,0,0,0,0,0,0,0,0,0,0,0,0,0,0,0,0,0
PC-OX(26:03)_[M+H]1+,PC-O,630.4498,0,0,0,0.108,0,0,0,0,0,0,0,0,0.911,0,1.305,0,0
PC-OX(32:00)_[M+H]1+,PC-O,720.5902,0,0,0,0,0,0,0,0,0,0,0,0,0,0,0,0,0
PC-OX(32:01)_[M+H]1+,PC-O,718.575,0,0,0.544,0,0,0,0,0,0,0,0,0,0,0,0,0,0
PC-OX(34:01)_[M+H]1+,PC-O,746.6063,0,0,0,0,0,0,0,0,0,0,0,0,0,0,0,0.012,0
PC-OX(34:02)_[M+H]1+,PC-O,744.5902,0,0,0,0,0,0,0,0,0,0,0,0,0,0,0,0,0
PC-OX(34:03)_[M+H]1+,PC-O,742.575,0,0,0,0,0,0,0,0,0,0,0,0,0,0,0,0,0.637
PC-OX(36:01)_[M+H]1+,PC-O,774.6376,0,0,0,0,0,0,0,0,0,0,0,0,0,0,0,0,0
PC-OX(36:02)_[M+H]1+,PC-O,772.6215,0,0,0,0,0,0,0,0,0,0,0,0,0,0,0,0,0
PC-OX(36:03)_[M+H]1+,PC-O,770.6058,0,0,0,0,0,0,0,0,0,0,0,0,0,0,0,0,0
PC-OX(36:05)_[M+H]1+,PC-O,766.5745,0,0,0,0,0,0,0,0,0,0,0,0,0,0,0,0,0
PC-OX(37:03)_[M+H]1+,PC-O,784.622,0,0,0,0,0,0,0,0,0,0,0,0,0,0,0,0,0
PC-OX(38:04)_[M+H]1+,PC-O,796.6215,0,0,0,0,0,0,0,0,0,0,0,0,0,0,0,0,0
PC-OX(39:06)_[M+H]1+,PC-O,806.6063,0,0,0,0,0,0,0,0,0.412,0,0.583,0,0,0,0,0,0
PC-OX(40:04)_[M+H]1+,PC-O,824.6528,0,0,0,0,0,0,0,0,0,0,0,0,0,0,0,0,0
PC-OX(40:08)_[M+H]1+,PC-O,816.5907,0,0,0,0.003,0,0,0,0,0,0,0,0.455,0,0,0,0,0
PC-OX(41:04)_[M+H]1+,PC-O,838.6689,0,0,0,0,0,0,0,0,0,0,0,0,0.613,0,0,0,0
PC-OX(42:05)_[M+H]1+,PC-O,850.6689,0,0,0,0,0,0,0,0,0.374,0,0,0,0.5,0,0,0,0
PC-OX(42:09)_[M+H]1+,PC-O,842.6063,0,0,0,0,0,0,0,0,0,0,0,0,0.502,0,0,0,0
PC-OX(42:10)_[M+H]1+,PC-O,840.5907,0,0,0,0,0,0,0,0,0.206,0,0,0,0,0,0,0,0
PC-OX(42:11)_[M+H]1+,PC-O,838.575,0,0,0,0.044,0,0,0,0,0.195,0,0,0,0,0,0.898,0,0
PC-OX(44:07)_[M+H]1+,PC-O,874.6689,0,0,0,0,0,0,0.775,0,0,0,0,0,0,0,0,0,0
PEXXX(32:06)_[M+H]1+,PE,680.4291,0,0,0,4.129,0,0,0,0,0,0,0.798,0.975,0,0.649,0,5.385,0
PEXXX(34:00)_[M+H]1+,PE,720.5543,0,0,0,0,0,0,0,0,0,0,0,0,0,0,0,0,0
PEXXX(34:01)_[M+H]1+,PE,718.5387,0,0,0.846,0,0,0,0,0,0,0,0,0,0,0,0,0,0
PEXXX(36:00)_[M+H]1+,PE,748.5856,0,0,0,0,0,0,0,0,0,0.532,0,0,0,0,0,0,0
PEXXX(36:02)_[M+H]1+,PE,744.5543,0,0,0,0,0,0,0,0,0,0.855,0,0,0,0,0.94,0,0
PEXXX(38:01)_[M+H]1+,PE,774.6013,0,0,0,0,0,0,0,0,0,0,0,0,0,0,0,0,0
PEXXX(38:02)_[M+H]1+,PE,772.5857,0,0,0.896,0,0,0,0,0,0,0,0,0,0,0,0,0,0
PEXXX(40:10)_[M+H]1+,PE,784.4912,0,0,0,0.055,0,0,0,0,0.271,0,0,0.434,0,0,0,0,0
PEXXX(42:03)_[M+H]1+,PE,826.632,0,0,0,0,0,0,0,0,0,0,0,0,0,0,0,0,0
PEXXX(42:09)_[M+H]1+,PE,814.5381,0,0,0,0,0,0,0,0,0,0,0,0,0,0,0,0,0
PE-OX(36:04)_[M+H]1+,PE-O,726.5432,0,0,0,0,0,0,0,0,0,0,0,0,0,0,0,0,0
PE-OX(42:06)_[M+H]1+,PE-O,806.6058,0,0,0,0,0,0,0,0,0.344,0,0.583,0,0,0,0,0,0
PE-OX(40:08)_[M+H]1+,PE-O,774.5432,0,0,0.866,0,0,0,0,1.318,0,0,1.055,0.466,0,0,0,0,0.641
PGXXX(32:00)_[M+Na]1+,PG,745.499,0,0,0.884,0,0,0,0,0,0,0,0,0,0,0,0,0,0
PGXXX(33:02)_[M+H]1+,PG,733.5014,0,0,0,0,0,0,0,0,0,0,0,0,0,0,0,0,0
PGXXX(33:03)_[M+Na]1+,PG,753.4677,0,0,0,0.096,0,0,0,0,0,0,0,0,0,0,0,0,0
PGXXX(34:00)_[M+NH4]1+,PG,768.5749,2.895,26.357,95.91,3.006,33.826,89.255,7.46,77.32,0.82,10.7,3.382,6.195,2.282,58.526,30.34,0.325,49.888
PGXXX(34:01)_[M+Na]1+,PG,771.5147,0,0,0.737,0.006,0,0,0,0,0,0,0,0,0,0,0.018,0,0
PGXXX(34:03)_[M+H]1+,PG,745.5014,0,0,0.884,0,0,0,0,0,0,0,0,0,0,0,0,0,0
PGXXX(35:06)_[M+H]1+,PG,753.4701,0,0,0,0.096,0,0,0,0,0,0,0,0,0,0,0,0,0
PGXXX(36:00)_[M+H]1+,PG,779.5797,0,0,0,0,0,0,0,0,0,0,0,0,0,0,0,0,0
PGXXX(36:01)_[M+Na]1+,PG,799.546,0,0,0,0,0,0,0,0,0,0,0,0,0,0,0,0,0
PGXXX(36:02)_[M+H]1+,PG,775.5484,0,0,0,0,1.536,0,0,0,0,0,0,0,0,0,0,0,0
PGXXX(36:03)_[M+H]1+,PG,773.5327,0,0,0,0,0,0,0,0,0,0,0,0,0,0,0,0,0
PGXXX(36:03)_[M+Na]1+,PG,795.5147,0,0,0,0,0,0,0,0,0,0,0,0,0,0,0,0,0
PGXXX(36:04)_[M+H]1+,PG,771.5171,0,0,0.737,0,0,0,0,0,0,0,0,0,0,0,0,0,0
PGXXX(37:01)_[M+Na]1+,PG,813.5616,0,0,0,0,0,0,0,0,0,0,0,0,0,0,0,0.017,0
PGXXX(37:06)_[M+H]1+,PG,781.5014,0,0,0,0.06,0,0,0,0,0,0,0,0,0,0,0,0,0
PGXXX(37:06)_[M+Na]1+,PG,803.4834,0,0,0,0,0,0,0,0,0,0,0,0,0,0,0,0,0
PGXXX(38:00)_[M+H]1+,PG,807.611,0,0,0,0,0,0,0,0,0,0.626,0.608,0,0,0,0,0,0
PGXXX(38:05)_[M+H]1+,PG,797.5327,0,0,0,0.121,0,0,0,0,0,0,0,0.777,0,0,1.094,0.02,0
PGXXX(38:06)_[M+H]1+,PG,795.5171,0,0,0,0,0,0,0,0,0,0,0,0,0,0,0,0,0
PGXXX(39:00)_[M+H]1+,PG,821.6266,0,0.714,1.992,0,0,0,0,0,0.548,0,0,0,0,0,0,0,0
PGXXX(39:00)_[M+Na]1+,PG,843.6086,0,0,0,0,0,0,0,0,0,0,0,0,0,0,0,0,0
PGXXX(39:01)_[M+Na]1+,PG,841.5929,0,0,0,0,0,0,0,0,0,0,0,0,0,0,0,0,0
PGXXX(39:02)_[M+H]1+,PG,817.5953,0,0,0,0,0,0,0,0,0,0,0,0,0,0,0,0,0
PGXXX(39:04)_[M+H]1+,PG,813.564,0,0,0,0,0,0,0,0,0,0,0,0,0,0,0,0.017,0
PGXXX(39:07)_[M+Na]1+,PG,829.499,0,0,0,0.093,0,0,0,0,0,0,0,0,0,0,0,0,0
PGXXX(41:01)_[M+Na]1+,PG,869.6242,0,0,0,0,0,0,0,0,0,0,0,0,0,0,0,0,0
PGXXX(42:05)_[M+H]1+,PG,853.5953,0,0,0,0,0,0,0,0,0.183,0,0,0,0,0,4.221,0,0
PGXXX(42:10)_[M+H]1+,PG,843.5171,0,0,0,0,0,0,0,0,0,0,0,0,0,0.56,0,0,0
PGXXX(43:04)_[M+H]1+,PG,869.6266,0,0,0,0,0,0,0,0,0,0,0,0,0,0,0,0,0
PGXXX(44:12)_[M+Na]1+,PG,889.499,0,0,0,0,0,0,0,0,0,0,0,0,0,0,0,0,0
PG-OX(32:01)_[M+NH4]1+,PG-O,724.5487,0,0.099,0,0,0,0,0,0,0,0,0,0.047,0,0.1,0,0,0
PG-OX(34:01)_[M+NH4]1+,PG-O,752.58,0,0,0,0,0,0.489,0,0,0,0,0,0,0,0,0,0,0
PG-OX(37:02)_[M+Na]1+,PG-O,797.5667,0,0,0,0,0,0,0,0,0,0,0,0,0,0,0,0,0
PG-OX(39:00)_[M+Na]1+,PG-O,829.6293,0,0,0,0,0,0,0,0,0.005,0,0,0.029,0,0,0,0,0
PG-OX(40:00)_[M+NH4]1+,PG-O,838.6895,0,0,0,0,0,0,0,0,0,0,0,0,0.528,0,0,0,0
PG-OX(40:06)_[M+Na]1+,PG-O,831.551,0,0,0,0,0,0,0,0,0,0,0,0,0,0,0,0,0
PG-OX(42:06)_[M+Na]1+,PG-O,859.5823,0,0,0,0,0,0,0,0,0,0,0,0,0,0,0,0,0
PG-OX(39:02)_[M+Na]1+,PG-O,825.598,0,0,0,0,0,0,0,0,0,0,0,0,0,0,0,0,0
PG-OX(42:03)_[M+Na]1+,PG-O,865.6293,0,0,0,0,0,0,0,0,0,0.68,0,0.443,0,0,0,0,0
PIXXX(26:00)_[M+NH4]1+,PI,744.4658,0,0,0,0,0,0,0,0,0,0,0,0,0,0,0,0,0
PIXXX(29:01)_[M+Na]1+,PI,789.4525,0,0,0,0,0,0,0,0,0,0,0,0,0,0,2.428,0,0
PIXXX(30:01)_[M+H]1+,PI,781.4862,0,0,0,0,0,0,0,0,0,0,0,0,0,0,0,0,0
PIXXX(30:02)_[M+Na]1+,PI,801.4525,0,0,0,0,0,0,0,0,0,0,0,0.164,0,0,0,0,0
PIXXX(30:03)_[M+NH4]1+,PI,794.4814,0,0,0,0,0,0,0,0,0,0,0,0,0,0,0,0,0
PIXXX(34:03)_[M+Na]1+,PI,855.4994,0,0,0,0,0,0,0,0,0,0,0,0,0,0,0,0,0
PIXXX(36:04)_[M+Na]1+,PI,881.5151,0,0,0,0.035,0,0,0,0,0,0,0,0.374,0,0,0,0,0
PIXXX(37:04)_[M+Na]1+,PI,895.5307,0,0,0,0,0,0,0,0,0,0,0,0,0,0,0,0,0
PIXXX(37:06)_[M+Na]1+,PI,891.4994,0,0,0,0,0,0,0,0,0,0,0,0,0,0,0,0,0
PIXXX(37:07)_[M+Na]1+,PI,889.4838,0,0,0,0,0,0,0,0,0,0,0,0,0,0,0,0,0
PIXXX(38:07)_[M+H]1+,PI,881.5175,0,0,0,0,0,0,0,0,0,0,0,0.406,0,0,0,0,0
PIXXX(39:08)_[M+Na]1+,PI,915.4994,0,0,0,0,0,0,0,0,0,0,0,0,0,0,0,0,0
PIXXX(39:08)_[M+NH4]1+,PI,910.544,0,0,0,0,0,0,0,0,0,0,0,0,0,0,0,0,0
PIXXX(40:07)_[M+H]1+,PI,909.5488,0,0,0,0,0,0,0,0,0,0,0,0,0,0,0,0,0
PIXXX(41:00)_[M+H]1+,PI,937.674,0,0,0,0,0,0,0,0.452,0,0,0,0.025,0,0,0,0,0
PIXXX(41:01)_[M+Na]1+,PI,957.6403,0,0,0.993,0,0,0,0,0,0,0,0,0,0,0,0,0,0
PIXXX(42:04)_[M+Na]1+,PI,965.609,0,0,0,0,0,0,0,0,0,0,0,0,0,0,0,0,0
PIXXX(42:06)_[M+H]1+,PI,939.5957,0,0,0,0,0,0,0,0,0,0,0,3.002,0,0,0,0.01,0.646
PIXXX(42:09)_[M+NH4]1+,PI,950.5753,0,0,0,0,0,0,0,0,0,0,0,0,0,0,0,0,0
PIXXX(43:04)_[M+H]1+,PI,957.6427,0,0,0.993,0,0,0,0,0,0,0,0,0,0,0,0,0,0
PIXXX(44:07)_[M+H]1+,PI,965.6114,0,0,0,0,0,0,0,0,0,0,0,0,0,0,0,0,0
PI-OX(31:01)_[M+Na]1+,PI-O,803.5045,0,0,0,0,0,0,0,0,0,0,0,0,0,0,0,0,0
PI-OX(32:01)_[M+H]1+,PI-O,795.5382,0,0,0,0,0,0,0,0,0,0,0,0,0,0,0,0,0
PI-OX(33:01)_[M+NH4]1+,PI-O,826.5804,0,0,0.654,0,0,0,0,0,0,0,0,0,0,0,0,0,0
PI-OX(34:00)_[M+NH4]1+,PI-O,842.6117,0,0,0,0,0,0,0,0,0,0,0,0,0.502,0,0,0,0
PI-OX(34:01)_[M+H]1+,PI-O,823.5695,0,0,0,0,0,0,0,0,0,0,0,0,0,0,0,0,0
PI-OX(34:02)_[M+NH4]1+,PI-O,838.5804,0,0,0,0.044,0,0,0,0,0,0,0,0,0,0,0,0,0
PI-OX(34:03)_[M+Na]1+,PI-O,841.5201,0,0,0,0,0,0.588,0,0,0,0,0,0.509,0,0,0,0,0
PI-OX(35:01)_[M+Na]1+,PI-O,859.5671,0,0,0,0,0,0,0,0,0,0,0,0,0,0,0,0,0
PI-OX(35:02)_[M+Na]1+,PI-O,857.5514,0,0,0,0,0,0,0,0,0,0,0,0,0,0,0,0,0
PI-OX(36:00)_[M+NH4]1+,PI-O,870.643,0,0,0,0,0,0,0,0,0,0,0,0,0,0,0,0,0
PI-OX(36:05)_[M+H]1+,PI-O,843.5382,0,0,0,0,0,0,0,0,0,0,0,0,0,1.463,0,0,0
PI-OX(36:05)_[M+NH4]1+,PI-O,860.5647,0,0,0,0,0,0,0,0,0,0,0,0,0,0,0.376,0,0
PI-OX(37:01)_[M+H]1+,PI-O,865.6164,0,0,0,0,0,0,0,0,0,0.569,0,0.443,0,0,0,0,0
PI-OX(38:00)_[M+NH4]1+,PI-O,898.6743,0,0,0,0,0,0,0,0,0,0,0,0,0,0,0,0,0
PI-OX(38:01)_[M+NH4]1+,PI-O,896.6586,0,0,0,0,0,0,0,0,0,0,0,0,0,0,0,0,0
PI-OX(38:02)_[M+H]1+,PI-O,877.6164,0,0,0,0,0,0,0,0,0,0,0,0.573,0,0,0,0,0
PI-OX(38:02)_[M+NH4]1+,PI-O,894.643,0,0,0,0,0,0,0,0,0,0,0,0,0,0,0,0,0
PI-OX(38:04)_[M+H]1+,PI-O,873.5851,0,0,0,0,0,0,0,0,0,0,0,0,0,0,0,0,0
PI-OX(40:00)_[M+NH4]1+,PI-O,926.7056,0,0,0,0,0,0,0,0,0,0,0,0,0,0,0,0,0
PI-OX(40:02)_[M+Na]1+,PI-O,927.6297,0,0,0,0,0,0,0,0,0,0,0,0,0,0,0,0,0
PI-OX(40:02)_[M+NH4]1+,PI-O,922.6743,0,0,0,0,0,0,0,0,0,0,0,0,0,0,0,0,0.335
PI-OX(40:06)_[M+Na]1+,PI-O,919.5671,0,0,0,0,0,0,0,0,0,0,0,0,0,0,0,0,0
PI-OX(29:01)_[M+Na]1+,PI-O,775.4732,0,0,0,0,0,0,0,0,0,0,0,0,0,0,0,0,0
PI-OX(33:03)_[M+NH4]1+,PI-O,822.5491,0,0,0,0,0,0,0,0,0,0,0,0,0,0,0.816,0,0
PI-OX(34:05)_[M+Na]1+,PI-O,837.4888,0,0,0,0,0,0,0,0,0,0,0,0,0,0,0,0,0
PI-OX(36:06)_[M+H]1+,PI-O,841.5225,0,0,0,0,0,0.588,0,0,0,0,0,0.509,0,0,0,0,0
PI-OX(36:06)_[M+NH4]1+,PI-O,858.5491,0,0,0,0,0,0,0,0,0,0,0,0,0,0,0,0,0
PI-OX(41:01)_[M+H]1+,PI-O,921.679,0,0,0,0,0,0,0,0,0,0,0,0,0,0,0,0,0
PI-OX(42:03)_[M+NH4]1+,PI-O,948.6899,0,0,0,0,0,0,0,0,0,0,0,0,0,0,0,0,0
PI-OX(42:05)_[M+H]1+,PI-O,927.6321,0,0,0,0,0,0,0,0,0,0,0,0,0,0,0,0,0
PI-OX(42:05)_[M+NH4]1+,PI-O,944.6586,0,0,0,0,0,0,0,0,0,0,0,0,0,0,0,0,0
PSXXX(28:00)_[M+Na]1+,PS,702.4317,0,0,0,0.058,0,0,0,0,0,0,0,0,0,0,0,0,0
PSXXX(33:00)_[M+Na]1+,PS,772.5099,0,0,0,0,0,0,0,0,0,0,0,0,0,0,0.343,0,0
PSXXX(33:03)_[M+H]1+,PS,744.481,0,0,0,0,0,0,0,0,0,0,0,0,0,0,0,0,0
PSXXX(34:06)_[M+Na]1+,PS,774.4317,0,0,0.682,0,0,0,0,0,0,0,0,0,0,0,0,0,0
PSXXX(35:03)_[M+H]1+,PS,772.5123,0,0,0,0,0,0,0,0,0,0,0,0,0,0,0.31,0,0
PSXXX(35:04)_[M+H]1+,PS,770.4967,0,0,0,0,0,0,0,0,0,0,0,0,0,0,0,0,0
PSXXX(36:02)_[M+H]1+,PS,788.5436,0,0,0,0.037,0,0,0,0,0,0,0,0,0,0,0,0,0
PSXXX(37:04)_[M+H]1+,PS,798.528,0,0,0,0,0,0,0,0,0,0,0,0,0,0,0,0,0
PSXXX(38:01)_[M+H]1+,PS,818.5906,0,0,0,0.001,0,0,0,0,0,0,0,0,0,0,0,0.009,0
PSXXX(38:03)_[M+Na]1+,PS,836.5412,0,0,0,0.145,0,0,0,0,0,0,0,0,0,0,0,0,0
PSXXX(39:08)_[M+Na]1+,PS,840.4786,0,0,0,0,0,0,0,0,0,0,0,0,0,0,0.539,0.011,0
PSXXX(40:03)_[M+H]1+,PS,842.5906,0,0,0,0,0,0,0,0,0,0,0,0,0,0,0,0,0
PSXXX(40:06)_[M+Na]1+,PS,858.5256,0,0,0,0,0,0,0,0,0,0,0,0,0,0,0,0,0
PSXXX(41:02)_[M+H]1+,PS,858.6219,0,0,0,0,0,0,0,0,0,0,0,0,0,0,0,0.011,0
PSXXX(41:02)_[M+Na]1+,PS,880.6038,0,0,0,0.002,0,0,0,0,0,0,0,0,0,0,0,0,0
PSXXX(42:09)_[M+H]1+,PS,858.528,0,0,0,0,0,0,0,0,0,0,0,0,0,0,0,0,0
PSXXX(42:09)_[M+Na]1+,PS,880.5099,0,0,0,0,0,0,0,0,0,0,0,0,0,0,0,0,0
PSXXX(44:08)_[M+Na]1+,PS,910.5569,0,0,0,0,0,0,0,0,0,0,0,0,0,0,0,0,0
PS-OX(38:03)_[M+H]1+,PS-O,800.58,0,0,0,0.098,0,0,0,0,0,0,0,0,0,0,0,0.014,0
PS-OX(39:01)_[M+H]1+,PS-O,818.6269,0,0,0,0,0,0,0,0,0,0,0,0,0,0,0,0,0
PS-OX(40:04)_[M+H]1+,PS-O,826.5956,0,0,0,0,0,0,0,0,0,0,0,0,0,0,0,0,0
PS-OX(40:04)_[M+Na]1+,PS-O,848.5776,0,0,0,0,0,0,0,0,0,0,0,0,0,0,0,0,0
PS-OX(40:06)_[M+H]1+,PS-O,822.5643,0,0,0,0,0,0,0,0,0,0,0,0,0,0,0.952,0,0
PS-OX(41:00)_[M+Na]1+,PS-O,870.6558,0,0,0,0,0,0,0,0,0,0,0,0,0,0,0,0,0
PS-OX(42:04)_[M+H]1+,PS-O,854.6269,0,0,0,0,0,0,0,0,0,0,0,0,0,0,0,0,0
PS-OX(36:06)_[M+Na]1+,PS-O,788.4837,0,0,0,0,0,0,1.068,0,0.325,0,0,0.264,0,0,1.202,0,0
SMXXX(32:01)_[M+H]1+,SM,675.5436,0,0,0,0,0,0,0,0,0,0,0,0,0,0,0,0,0
SMXXX(32:02)_[M+H]1+,SM,673.5279,0,0,3.12,0.059,0,0.858,0.994,0,3.36,6.696,3.753,2.516,2.015,0,0,0.027,14.833
SMXXX(34:01)_[M+H]1+ / DGXXX(44:08)_[M+H-H2O]1+,SM,703.5749,0,0,0,1.473,0,0,0,0,0,0,0,0,0,0,0,0.237,0
SMXXX(34:02)_[M+H]1+,SM,701.5592,0,0,0,0,0,0,0,0,0,0,0,0,0,0,0,0,0
SMXXX(36:01)_[M+H]1+,SM,731.6062,0,0,0,0.859,0,0,0,0,0,0,0,0,0,0,0,0.04,0
SMXXX(36:02)_[M+H]1+,SM,729.5905,0,0,0,0,0,0,0,0,0,0,0,0,0,0,0,0.113,0
SMXXX(36:04)_[M+H]1+,SM,725.5593,0,0,0,0,0,0,0,0,0,0,0,0,0,0,0,0,0
SMXXX(38:01)_[M+H]1+,SM,759.6375,0,0,0,0,0,0,0,0,0,0,0,0,0,0,0,0.01,0
SMXXX(38:02)_[M+H]1+,SM,757.6218,0,0,0,0,0,0,0,0,0,0,0,0,0,0,0,0.059,0
SMXXX(39:01)_[M+H]1+,SM,773.6531,0,0,0,0,0,0,0,0,0,0,0,0,0,0,0,0,0
SMXXX(40:01)_[M+H]1+,SM,787.6688,0,0,0,0.058,0,0,0,0,0,0,0,0,0,0,0,0.01,0
SMXXX(40:02)_[M+H]1+,SM,785.6531,0,0,0,0,0,0,0,0,0.353,1.334,2.084,0,0,0,0,0,0
SMXXX(40:07)_[M+H]1+,SM,775.575,0,0,0,0,0,0,0,0,0,0,0,0,0,0,0,0,0
SMXXX(41:01)_[M+H]1+,SM,799.6688,0,0,0,0,0,0,0,0,0,0,0,0,0,0,0,0.013,0
SMXXX(41:04)_[M+H]1+,SM,795.6376,0,0,0,0,0,0,0,0,0.117,0.068,0,0.05,0.167,0,0,0,0
SMXXX(42:01)_[M+H]1+,SM,815.7001,0,0,0,0,0,0,0,0,0,0.016,0,0,0.031,0,0,0,0.277
SMXXX(42:02)_[M+H]1+,SM,813.6844,0,0,0,0.046,0,0,0,0,0,0,0,0,0,0,0,0.013,0
SMXXX(43:06)_[M+H]1+,SM,819.6376,0,0,0,0,0,0,0,0,0,0,0,0,0,0,0,0,0
SMXXX(44:02)_[M+H]1+,SM,841.7157,0,0,0,0,0,0,0,0,0,0,0,0,0,0,0,0,0
SMXXX(45:00)_[M+H]1+,SM,859.7628,0,0,0,0,0,0,0,0,0,0,0,0,0,0,0,0.228,0
SMXXX(47:01)_[M+H]1+,SM,885.7784,0,0.989,0,0.187,0,0,0,0.934,0.558,1.331,0.809,7.929,0.61,0.974,2.791,0.165,0
TGXXX(36:00)_[M+Na]1+,TG,661.5378,0,0,0,0,0,0,0,0,3.757,1.926,1.155,2.698,0.917,0,0,0.015,0
TGXXX(38:01)_[M+NH4]1+,TG,682.598,15.891,9.053,14.099,0.728,3.197,9.855,10.409,2.887,2.127,2.147,6.021,3.053,5.863,6.593,0,0.034,3.306
TGXXX(38:03),TG,678.5672,0,0,0,0,0,0,0,0,0,0,0,0,0,0,0,0,0
TGXXX(40:01)_[M+NH4]1+,TG,710.6293,0,0,0,0.057,0,0,0,0,0,0,0,0,0,0,0,0,0
TGXXX(41:02)_[M+Na]1+,TG,727.5847,0,0,0,0,0,0,0,0,0,0,0,0,0,0,0,0,0
TGXXX(42:02)_[M+NH4]1+,TG,736.645,0,0,0,0,0,0,0,0,0,0,0,0,0,0,0,0.01,0
TGXXX(42:04)_[M+Na]1+,TG,737.5691,0,0.047,0,0.008,0,0,0.014,0,0,0,0,0,0.01,0,0,0,0
TGXXX(43:01)_[M+NH4]1+,TG,752.6763,0,0,0,0,0,0,0,0,0,0,0,0,0,0,0,0,0
TGXXX(43:02)_[M+Na]1+,TG,755.616,0,0,0.518,0,0,0,0,0,0,0,0,0,0,0,0,0.074,0
TGXXX(43:03)_[M+NH4]1+,TG,748.645,0,0,0,0,0,0,0,0,0,0,0,0,0,0,0,0,0
TGXXX(43:04)_[M+NH4]1+,TG,746.6293,0,0,0,0,0,0,0,0,0,0,0,0,0,0,0,0,0
TGXXX(43:05),TG,744.6141,0,0,0,0,0,0,0,0,0,0,0,0,0,0,0,0,0
TGXXX(44:01)_[M+Na]1+,TG,771.6473,0,0,0,0,0,0,0,0,0,0,0,0,0,0,0,0,0
TGXXX(45:03)_[M+Na]1+,TG,781.6317,0,0,0,0,0,0,0,0,0,0,0,0,0,0,0,0,0
TGXXX(46:02)_[M+Na]1+,TG,797.663,0,0,0,0,0,0,0,0,0,0,0,0,0,0,0,0,0
TGXXX(46:03)_[M+Na]1+,TG,795.6473,0,0,0,0,0,0,0,0,0,0,0,0,0,0,0,0,0
TGXXX(46:04)_[M+NH4]1+,TG,788.6763,0,3.338,0,0.756,21.076,3.562,4.859,15.801,4.55,2.467,3.036,5.141,7.774,6.212,27.197,0.813,8.231
TGXXX(46:05)_[M+NH4]1+,TG,786.6606,0,0,0,0,0,0,0,0,0,0,0,0,0,0,0,0,0
TGXXX(47:03)_[M+Na]1+,TG,809.663,0,0,0,0,0,0,0,0,0,0,0,0,0,0,0,0,0
TGXXX(48:00)_[M+Na]1+,TG,829.7256,0,0,0.812,0.686,4.418,0,0.973,3.234,4.891,2.762,6.366,30.43,5.142,2.057,13.988,0.944,2.279
TGXXX(48:01)_[M+Na]1+,TG,827.7099,0,0,0,0.055,0,0,0,0,0,0,0,0,0,0,0,0.558,0
TGXXX(48:01)_[M+NH4]1+,TG,822.7545,0.602,0,0,27.485,0,0,0,0,32.736,0,0,1.163,0,0,0,9.389,0
TGXXX(48:02)_[M+Na]1,TG,825.6943,0,0,0,0,0,0,0,0,0,0,0,0,0,0,0,0.137,0
TGXXX(48:02)_[M+NH4]1+,TG,820.7389,0,0,0,14.866,0,0,0,0,26.678,0,0,1.043,0,0,0,10.182,0
TGXXX(48:03)_[M+Na]1+,TG,823.6786,0,0,0,0,0,0,0,0,0,0,0,0,0,0,0,0,0
TGXXX(48:06)_[M+NH4]1+,TG,812.6763,0,0,0,0,0,0,0,0,0,0,0,0,0,0,0,0,0
TGXXX(49:02)_[M+NH4]1+,TG,834.7545,0,0,0,0.195,0,0,0,0,15.358,0,0,0,0,0,0,1.452,0
TGXXX(49:04)_[M+NH4]1+,TG,830.7232,0,1.021,0,0.122,0,0,0,0,1.366,0,2.214,6.228,0,0,0.843,0.18,0.674
TGXXX(50:00)_[M+Na]1+,TG,857.7569,0,0,0,1.144,10.071,1.044,2.813,12.01,4.802,7.114,9.224,46.859,9.575,1.199,18.525,1.45,4.87
TGXXX(50:01)_[M+Na]1+,TG,855.7412,0,0,0,1.633,0,0,0,0,0,0,0,0,0,0,0,4.27,0
TGXXX(50:01)_[M+NH4]1+,TG,850.7858,2.244,0,0,64.574,5.461,0,0,2.359,17.031,0,0,8.023,0,4.409,0.764,21.408,0
TGXXX(50:02)_[M+Na]1+,TG,853.7256,0,0,0,1.883,0,0,0,0,0,0,0,0,0,0,0,3.278,0
TGXXX(50:02)_[M+NH4]1+,TG,848.7702,1.458,0,0,70.939,0,0,0,1.004,19.434,0,0,12.51,0,0,0,57.002,0
TGXXX(50:03)_[M+H]1+,TG,846.755,0,0,0,22.788,0,0,0,0,11.764,0,0,3.924,0,0,0,33.753,0
TGXXX(50:03)_[M+Na]1+,TG,851.7099,0,0,0,0.049,0,0,0,0,0,0,0,0,0,0,0,1.191,0
TGXXX(50:03)_[M+NH4]1+,TG,846.7545,0,0,0,22.788,0,0,0,0,11.764,0,0,3.924,0,0,0,33.753,0
TGXXX(50:04)_[M+NH4]1+,TG,844.7389,0,0,0,2.904,0,0,0,0,1.089,0,0,0,0,0,0,8.737,0
TGXXX(50:05)_[M+Na]1+,TG,847.6786,0,0,0,0,0,0,0,0,0,0,0,0,0,0,0,0,0
TGXXX(50:06)_[M+Na]1+,TG,845.663,0,0,0,0,0,0,0,0,0,0,0,0,0,0,0,0,0
TGXXX(50:07)_[M+NH4]1+,TG,838.6919,0,0,0,0,0,0,0,0,0,0,0,0,0.528,0,0,0,0
TGXXX(51:04)_[M+NH4]1+,TG,858.7545,0,0,0,0.107,0,0,0,0,1.428,0.79,1.714,18.038,2.854,0,2.105,0.656,2.169
TGXXX(51:05)_[M+NH4]1+,TG,856.7389,0,0,0,0.736,0,0,0,0,0.404,0,0,0,0,0,0,2.423,0
TGXXX(51:06)_[M+NH4]1+,TG,854.7232,0,0,0,0.277,0,0,0,0.72,0,0,0,0,0,0,0,1.773,0
TGXXX(51:07)_[M+NH4]1+,TG,852.7076,0,0,0,0,0,0,0,0,0,0,0,0,0,0,0,0.537,0
TGXXX(52:00)_[M+Na]1+,TG,885.7882,0,0.989,0,0.187,0,0,0,0.934,0.558,1.331,0.809,7.929,0.594,0.974,2.791,0.165,0
TGXXX(52:02)_[M+Na]1+,TG,881.7569,0,0,0,3.234,0,0,0,0,0,0,0,0,0,0,0,3.58,0.491
TGXXX(52:02)_[M+NH4]1+,TG,876.8015,3.445,0,0.842,103.473,1.31,0.763,0,1.071,3.828,0,0,2.065,0,4.864,0,37.137,0
TGXXX(52:03)_[M+Na]1+,TG,879.7412,0,0,0,1.419,0,0,0,0,0,0.618,0,0.582,0,0,0,4.598,0
TGXXX(52:03)_[M+NH4]1+,TG,874.7858,2.319,0,0,79.114,0,0,0,1.094,4.421,0,0,28.933,0,0.658,0,107.07,0
TGXXX(52:04)_[M+NH4]1+,TG,872.7702,0,0,0,21.574,0,0,0,0.872,0,0,0,20.254,0,0,0,80.722,0
TGXXX(52:05)_[M+Na]1+,TG,875.7099,0,0,0,0,0,0,0,0,0,0,0,0,0,0,0,0.337,0
TGXXX(52:06)_[M+Na]1+,TG,873.6943,0,0,0,0,0,0,0,0,0,0,0,0,0,0,0,0,0
TGXXX(52:07)_[M+Na]1+,TG,871.6762,0,0,0,0,0,0,0,0,0,0,0,0,0,0,0,0,0
TGXXX(52:08)_[M+Na]1+,TG,869.663,0,0,0,0,0,0,0,0,0,0,0,0,0,0,0,0,0
TGXXX(52:10)_[M+Na]1+,TG,865.6317,0,0,0,0,0,0,0,0,0,0.68,0,0.443,0,0,0,0,0
TGXXX(53:03)_[M+NH4]1+,TG,888.8015,0,0,0,0.56,0,0,0,0,0,0,0,0,0,0,0,2.201,0
TGXXX(53:04)_[M+NH4]1+,TG,886.7858,0,0,0,0,0,0,0,0,0,0,0,3.697,0,0,2.136,1.999,0
TGXXX(53:06)_[M+NH4]1+,TG,882.7545,0,0,0,0.819,0,0,0,0,0,0,0,0,0,0,0,2.315,0
TGXXX(53:07)_[M+NH4]1+,TG,880.7389,0,0,0,0.431,0,0,0,0,0,0,0,0,0,0,0,2.937,0
TGXXX(53:08)_[M+Na]1+,TG,883.6786,0,0,0,0,0,0,0,0,0,0,0,0,0,0,0,0,0
TGXXX(53:10)_[M+NH4]1+,TG,874.6919,0,0,0,0,0,0,0.842,0,0,0,0,0,0,0,0,0,0
TGXXX(54:01)_[M+NH4]1+,TG,906.8484,0,0,0,0.902,0,0,8.392,0,0,0,0,0,0,0.689,0,0.255,0
TGXXX(54:02)_[M+Na]1+,TG,909.7882,0,0,0,0,0,0,0,0,0,0,0,0,0,0,0,0.024,0
TGXXX(54:02)_[M+NH4]1+,TG,904.8328,0,0,0,14.257,0,0,0,0,0,0,0,0,0,0,0,2.393,0
TGXXX(54:03)_[M+NH4]1+,TG,902.8171,0.452,0,0,57.923,0,0,0,0,0,0,0,1.857,0,2.298,0,22.422,0
TGXXX(54:06)_[M+Na]1+,TG,901.7256,0,0,0,0,0,0,0,0,0,0,0,0,0,0,0,0.437,0
TGXXX(54:07)_[M+Na]1+,TG,899.7099,0,0,0,0,0,0,0,0,0,0,0,0,0,0,0,0,0
TGXXX(54:11)_[M+Na]1+,TG,891.6473,0.408,0,0,0,0,0,0,0,0,0,0,0,0,0,0,0,0
TGXXX(55:01)_[M+NH4]1+,TG,920.8641,0,0,0,0,0,0,0,0,0,0,0,0,0,0,0,0,0
TGXXX(56:05)_[M+NH4]1+,TG,926.8171,0.977,0,0.354,0.505,0,0,0,0,0.387,0,0,0,0,0,0,2.401,0.565
TGXXX(56:06)_[M+NH4]1+,TG,924.8015,0,0,0,1.518,0,0,0,0,0,0,0,0,0,0,0,2.325,0
TGXXX(56:07)_[M+NH4]1+,TG,922.7858,0,0,0,1.181,0,0,0,0,0.262,0,0,0.303,0.524,0.644,0,2.858,0.381
TGXXX(56:08)_[M+Na]1+,TG,925.7256,0,0,0,0,0,0,0,0,0,0,0,0,0,0,0,0,0
TGXXX(56:09)_[M+Na]1+,TG,923.7099,0,0,0,0,0,0,0.912,0,0,0,0,0,0,0,0,0,0
TGXXX(56:10)_[M+Na]1+,TG,921.6943,0,0,0,0,0,0,0,0,0,0,0,0,0,0,0,0,0
TGXXX(57:00)_[M+Na]1+,TG,955.8664,0,0,0,0,0,0,0,0,0,0,0,0,0,0,0,0,0
TGXXX(57:12)_[M+NH4]1+,TG,926.7232,0,0,0,0,0,0,0,0,0,0,0,0,0,0,0,0,0
TGXXX(58:02)_[M+Na]1+,TG,965.8508,0,0,0,0,0,0,0,0,0,0,0,0,0,0,0.43,0,0
TGXXX(58:02)_[M+NH4]1+,TG,960.8954,0,0,0,0,0,0,0,0,0,0,0,0,0,0.405,0,0,0
TGXXX(58:04)_[M+Na]1+,TG,961.8195,0,0,0,0,0,0,0,0,0,0,0,0,0,0,0,0,0
TGXXX(58:07)_[M+Na]1+,TG,955.7725,0,0,0,0,0,0,0,0,0,0,0,0,0,0,0,0,0
TGXXX(58:09)_[M+NH4]1+,TG,946.7858,0,0,0,0,0,0,0,0,0,0,0,0,0,0,0,0.558,0
TGXXX(58:12)_[M+Na]1+,TG,945.6943,0,0,0,0,0,0,0,0,0,0,0,0,0,0,0,0,0
TGXXX(59:03)_[M+Na]1+,TG,977.8508,0,0,0,0.05,0,0,0.961,0,0,0.512,0.383,0.328,0.3,0,0,0,0.461
TGXXX(59:08)_[M+NH4]1+,TG,962.8171,0,0,0,0,0,0,0,0,0,0,0,0,0,0,0,0,0
TGXXX(60:00)_[M+Na]1+,TG,997.9134,0,0,0,0.047,0,0,0,0,0,0,0,0,0,0,0,0,0
TGXXX(60:05)_[M+Na]1+,TG,987.8351,0,0,0,0,0,0,0,0,0,0,0,0,0,0,0,0,0
TGXXX(60:06)_[M+Na]1+,TG,985.8195,0,0,0,0,0,0,0,0,0,0,0,0,0,0,0,0,0
TGXXX(60:11)_[M+NH4]1+,TG,970.7858,0,0,0.8,0,0,0,0,0,0,0,0,0,0,0,0,0,0
TGXXX(60:12)_[M+Na]1+,TG,973.7256,0,0,0,0,0,0,0,0,0,0,0,0,0,0,0,0,0
TGXXX(60:13)_[M+Na]1+,TG,971.7099,0,0,0,0,0,0,0,0,0,0,0,0,0,0,0,0,0
TGXXX(62:00)_[M+NH4]1+,TG,1020.9893,0,0.597,0,0,0,0,0,0,0,0,0,0,0,0,0,0,0
TGXXX(62:06)_[M+Na]1+,TG,1013.8508,0,0,0,0,0,0,0,0,0,0,0,0,0,0,0,0,0
TGXXX(62:08)_[M+Na]1+,TG,1009.8195,0,0,0,0,0,0,0,0,0,0,0,0,0,0,0,0,0
TGXXX(63:02)_[M+Na]1+,TG,1035.929,0,0,0,0,0,0,0,0,0,0,0,0,0,0,0,0,0
TGXXX(63:03)_[M+Na]1+,TG,1033.9134,0,0,0,0,0,0,0,0,0,0,0,0,0,0,0,0,0
TGXXX(63:12)_[M+NH4]1+,TG,1010.8171,0,0,0,0,0,0,0,0,0,0,0,0,0,0,0,0,0
TGXXX(64:13)_[M+NH4]1+,TG,1022.8171,0,0,0,0,0,0,0,0,0,0,0,0,0,0,0,0,0
TGXXX(65:01)_[M+NH4]1+,TG,1061.0206,0,0,0,0,0,0,0,0,0,0,0,0,0,0,0,0,0
TGXXX(65:06)_[M+NH4]1+,TG,1050.9423,0,0,0,0,0,0,0,0,0,0,0,0,0,0,0,0,0
TGXXX(65:07)_[M+Na]1+,TG,1053.8821,0,0,0,0,0,0,0,0,0,0,0,0,0,0,0,0,0
TGXXX(65:08)_[M+NH4]1+,TG,1046.911,0,0,0,0,0,0,0,0,0,0,0,0,0,0,0,0,0
TGXXX(65:09)_[M+NH4]1+,TG,1044.8954,0,0,0,0,0,0,0,0,0,0,0,0,0,0,0,0,0
TGXXX(66:08)_[M+Na]1+,TG,1065.8821,0,0,0,0,0,0,0,0,0,0,0,0,0,0,0,0,0
TGXXX(66:14)_[M+NH4]1+,TG,1048.8328,0,0,0,0,0,0,0,0,0,0,0.515,0,0,0,0,0,0
TGXXX(67:04),TG,1083.0054,0,0,0,0,0,0,0,0,0,0,0,0,0,0,0,0,0
TGXXX(68:12),TG,1080.8958,0,0,0,0,0,0,0,0,0,0,0,0,0,0,0,0,0
TGoxX(36:02),TGox,668.5459,0.65,0,1.063,0,0,0,0,0,0,0,0,0,0,0,0,0,0
TGoxX(39:00),TGox,714.6241,0,0,0,0,0,0,0,0,0.534,0,0,0,0,0,0,0,0
TGoxX(40:00),TGox,728.6398,0,0,0,0,0,0,0,0,0,0,0,0,0,0,0,0,0
TGoxX(41:03),TGox,736.6085,0,0,0,0,0,0,0,0,0,0,0,0,0,0,0,0,0
TGoxX(45:04),TGox,790.6554,0,0,0,0,0,0,0,0,0,0,0,0,0,0,0,0.115,0
TGoxX(54:00),TGox,924.8589,0,0,0,0,0,0,0,0,0,0,0,0,0,0,0,0,0
TGoxX(54:01),TGox,922.8433,0,0,0,0,0,0,0,0,0,0,0,0,0,0,0,0,0
TGoxX(56:02),TGox,948.8589,0,0,0,0,0,0,0,0,0,0,0,0,0,0,0,0,0
TGoxX(56:08),TGox,936.765,0,0,0,0,0,0,0,0,0,0,0,0,0,0,0,0,0.528
TGoxX(57:03),TGox,960.8589,0,0,0,0,0,0,0,0,0,0,0,0,0,0,0,0,0
TGoxX(57:11)_[M+H]1+,TGox,944.7337,0,0,0,0,0,0,0,0,0,0,0,0,0,0,0,0.138,0
TGoxX(58:01),TGox,978.9059,0,0,0,0,0,0,0,0,0,0,0,0,0,0.595,0,0,0
TGoxX(58:10),TGox,960.765,0,0,0,0,0,0,0,0,0,0,0,0,0,0,0,0,0
TGoxX(59:08),TGox,978.812,0,0,0,0,0,0.318,0.039,0,0,0,0.384,0,0,0,0,0,0.065
TGoxX(59:10),TGox,974.7806,0,0,0,0,0,0,0,0,0,0,0,0,0,0,0,0,0
TGoxX(59:12),TGox,970.7493,0,0,0,0,0,0,0,0,0,0,0,0,0,0,0,0.408,0
TGoxX(60:03),TGox,1002.9059,0,0,0,0,0,0,0,0,0,0,0,0,0,0,0,0,0
TGoxX(63:01),TGox,1048.9841,0,0,0,0,0,0,0,0,0,0,0,0,0,0,0,0,0
TGoxX(63:06),TGox,1038.9059,0,0,0,0,0,0,0,0,0,0,0,0,0,0,0,0,0
TGoxX(64:02),TGox,1060.9841,0,0,0,0,0,0,0,0,0,0,0,0.396,0,0,0,0,0
TGoxX(65:03),TGox,1072.9841,0,0,0,0,0,0,0,0,0,0,0,0,0,0,0,0,0
TGoxX(65:11),TGox,1056.8589,0,0,0,0,0,0,0,0,0,0,0,0,0,0,0,0,0
TGoxX(66:04),TGox,1084.9841,0,0,0,0,0,0,0,0,0,0,0,0,0,0,0,0,0
TGoxX(66:11),TGox,1070.8746,0,0,0,0,0,0,0,0,0,0,0,0,0,0,0,0,0
