,,Total signal,1000.000,1000.000,1000.000,1000.000,1000.000,1000.000,1000.000,1000.000,0.000,1000.000,1000.000,1000.000,1000.000,1000.000,1000.000,1000.000,1000.000,1000.000,,,,,,,,,,,,,,,,,,,,,,,,,,,,,,,,,,,,,,,,,,,,,,,,,,,,,,,,,,,,,,,,,,,,,,,,,,,,,,,,
,,0s,70%,74%,68%,65%,77%,62%,68%,74%,#DIV/0!,62%,58%,71%,70%,71%,72%,48%,53%,73%,,,,,,,,,,,,,,,,,,,,,,,,,,,,,,,,,,,,,,,,,,,,,,,,,,,,,,,,,,,,,,,,,,,,,,,,,,,,,,,,
,,Data ID,158_P2_D07_liver_18C36_PWD_lean_0.mzXML,108_P2_C06_liver_18C37_PWD_lean_0.mzXML,148_P2_D02_liver_18C40_PWD_lean_0.mzXML,206_P2_E07_liver_18C41_PWD_lean_0.mzXML,156_P2_D06_liver_18C42_PWD_lean_0.mzXML,114_P2_C09_liver_NPC1_PWD_lean_0.mzXML,166_P2_D11_liver_NPC2_PWD_lean_0.mzXML,112_P2_C08_liver_NPC3_PWD_lean_0.mzXML,204_P2_E06_liver_RC59_PWD_lean_0.mzXML,294_P2_G03_liver_18F50_PWD_obese_0.mzXML,344_P2_H04_liver_18F52_PWD_obese_0.mzXML,256_P2_F08_liver_18F54_PWD_obese_0.mzXML,360_P2_H12_liver_18F55_PWD_obese_0.mzXML,212_P2_E10_liver_18F57_PWD_obese_0.mzXML,304_P2_G08_liver_NPF1_PWD_obese_0.mzXML,312_P2_G12_liver_NPF2_PWD_obese_0.mzXML,252_P2_F06_liver_NPF4_PWD_obese_0.mzXML,342_P2_H03_liver_NPF5_PWD_obese_0.mzXML,,,,,,,,,,,,,,,,,,,,,,,,,,,,,,,,,,,,,,,,,,,,,,,,,,,,,,,,,,,,,,,,,,,,,,,,,,,,,,,,
,,Sample ID,18C36,18C37,18C40,18C41,18C42,NPC1,NPC2,NPC3,RC59,18F50,18F52,18F54,18F55,18F57,NPF1,NPF2,NPF4,NPF5,,,,,,,,,,,,,,,,,,,,,,,,,,,,,,,,,,,,,,,,,,,,,,,,,,,,,,,,,,,,,,,,,,,,,,,,,,,,,,,,
,,Phenotype,lean,lean,lean,lean,lean,lean,lean,lean,lean,obese,obese,obese,obese,obese,obese,obese,obese,obese,,,,,,,,,,,,,,,,,,,,,,,,,,,,,,,,,,,,,,,,,,,,,,,,,,,,,,,,,,,,,,,,,,,,,,,,,,,,,,,,
,,Group,PWD,PWD,PWD,PWD,PWD,PWD,PWD,PWD,PWD,PWD,PWD,PWD,PWD,PWD,PWD,PWD,PWD,PWD,,,,,,,,,,,,,,,,,,,,,,,,,,,,,,,,,,,,,,,,,,,,,,,,,,,,,,,,,,,,,,,,,,,,,,,,,,,,,,,,
,,Compartment,Liv,Liv,Liv,Liv,Liv,Liv,Liv,Liv,Liv,Liv,Liv,Liv,Liv,Liv,Liv,Liv,Liv,Liv,,,,,,,,,,,,,,,,,,,,,,,,,,,,,,,,,,,,,,,,,,,,,,,,,,,,,,,,,,,,,,,,,,,,,,,,,,,,,,,,
,,Handling,Whole,Whole,Whole,Whole,Whole,Whole,Whole,Whole,Whole,Whole,Whole,Whole,Whole,Whole,Whole,Whole,Whole,Whole,,,,,,,,,,,,,,,,,,,,,,,,,,,,,,,,,,,,,,,,,,,,,,,,,,,,,,,,,,,,,,,,,,,,,,,,,,,,,,,,
,,96wPL No.,P2,P2,P2,P2,P2,P2,P2,P2,P2,P2,P2,P2,P2,P2,P2,P2,P2,P2,,,,,,,,,,,,,,,,,,,,,,,,,,,,,,,,,,,,,,,,,,,,,,,,,,,,,,,,,,,,,,,,,,,,,,,,,,,,,,,,
,,Address,D07,C06,D02,E07,D06,C09,D11,C08,E06,G03,H04,F08,H12,E10,G08,G12,F06,H03,,,,,,,,,,,,,,,,,,,,,,,,,,,,,,,,,,,,,,,,,,,,,,,,,,,,,,,,,,,,,,,,,,,,,,,,,,,,,,,,
Lipid variable,Category,m/z,18C36,18C37,18C40,18C41,18C42,NPC1,NPC2,NPC3,RC59,18F50,18F52,18F54,18F55,18F57,NPF1,NPF2,NPF4,NPF5,,,,,,,,,,,,,,,,,,,,,,,,,,,,,,,,,,,,,,,,,,,,,,,,,,,,,,,,,,,,,,,,,,,,,,,,,,,,,,,,
CerXX(36:2)_[M-H]1-,Cer,562.5205,1.271,0.000,0.000,0.000,0.000,0.000,0.000,0.000,,0.000,0.000,0.000,0.000,0.000,0.276,0.000,0.000,0.000,,,,,,,,,,,,,,,,,,,,,,,,,,,,,,,,,,,,,,,,,,,,,,,,,,,,,,,,,,,,,,,,,,,,,,,,,,,,,,,,
CerXX(40:2)_[M+OAC]1-,Cer,678.6042,0.000,0.000,0.000,0.000,0.000,0.000,0.000,0.000,,0.000,0.000,0.000,0.000,0.000,0.000,0.000,0.000,0.000,,,,,,,,,,,,,,,,,,,,,,,,,,,,,,,,,,,,,,,,,,,,,,,,,,,,,,,,,,,,,,,,,,,,,,,,,,,,,,,,
CerXX(42:2)_[M+Cl]1-,Cer,682.591,0.289,0.000,1.285,0.052,0.000,0.016,5.200,0.656,,0.215,0.000,0.000,0.158,0.000,0.000,0.000,0.000,0.000,,,,,,,,,,,,,,,,,,,,,,,,,,,,,,,,,,,,,,,,,,,,,,,,,,,,,,,,,,,,,,,,,,,,,,,,,,,,,,,,
LPCXX(15:0)_[M+OAC]1-,LPC,540.3307,16.750,16.829,17.347,10.956,3.772,111.330,22.209,26.848,,1.395,51.305,4.827,41.549,11.729,6.960,30.503,13.988,16.983,,,,,,,,,,,,,,,,,,,,,,,,,,,,,,,,,,,,,,,,,,,,,,,,,,,,,,,,,,,,,,,,,,,,,,,,,,,,,,,,
LPCXX(17:0)_[M+OAC]1-,LPC,568.362,2.603,6.810,15.631,2.371,0.000,97.093,11.646,14.978,,2.917,35.405,2.193,17.737,2.849,7.626,16.657,2.008,8.538,,,,,,,,,,,,,,,,,,,,,,,,,,,,,,,,,,,,,,,,,,,,,,,,,,,,,,,,,,,,,,,,,,,,,,,,,,,,,,,,
LPCXX(17:1)_[M+OAC]1-,LPC,566.3463,11.808,18.067,11.477,6.950,2.675,21.515,7.975,23.136,,3.213,3.039,8.066,36.324,7.357,9.033,4.459,0.496,8.774,,,,,,,,,,,,,,,,,,,,,,,,,,,,,,,,,,,,,,,,,,,,,,,,,,,,,,,,,,,,,,,,,,,,,,,,,,,,,,,,
LPCXX(18:0)_[M+Cl]1-,LPC,558.3332,14.883,36.647,37.106,10.182,1.874,16.741,26.554,24.433,,4.276,16.749,13.015,69.510,14.431,18.511,2.616,4.220,22.834,,,,,,,,,,,,,,,,,,,,,,,,,,,,,,,,,,,,,,,,,,,,,,,,,,,,,,,,,,,,,,,,,,,,,,,,,,,,,,,,
LPCXX(18:1)_[M+Cl]1-,LPC,556.3175,6.008,16.959,17.710,6.296,1.240,2.618,18.688,21.857,,3.455,5.456,4.752,60.179,12.223,7.212,0.870,1.968,9.607,,,,,,,,,,,,,,,,,,,,,,,,,,,,,,,,,,,,,,,,,,,,,,,,,,,,,,,,,,,,,,,,,,,,,,,,,,,,,,,,
LPCXX(18:2)_[M+Cl]1-,LPC,554.3019,0.000,2.521,3.438,1.743,1.328,24.190,0.000,5.609,,1.252,0.870,1.704,14.108,2.925,1.474,2.033,0.000,1.114,,,,,,,,,,,,,,,,,,,,,,,,,,,,,,,,,,,,,,,,,,,,,,,,,,,,,,,,,,,,,,,,,,,,,,,,,,,,,,,,
LPCXX(20:1)_[M+Cl]1-,LPC,584.3488,17.165,18.972,16.340,3.080,2.768,2.855,16.644,30.106,,1.269,6.480,3.871,28.610,6.756,3.840,0.680,1.248,7.022,,,,,,,,,,,,,,,,,,,,,,,,,,,,,,,,,,,,,,,,,,,,,,,,,,,,,,,,,,,,,,,,,,,,,,,,,,,,,,,,
LPCXX(20:4)_[M+Cl]1-,LPC,578.3019,1.699,6.505,1.916,0.000,0.000,1.891,2.213,4.719,,0.773,0.000,0.000,12.787,2.047,2.253,0.149,0.000,0.869,,,,,,,,,,,,,,,,,,,,,,,,,,,,,,,,,,,,,,,,,,,,,,,,,,,,,,,,,,,,,,,,,,,,,,,,,,,,,,,,
LPCXX(22:1)_[M+Cl]1-,LPC,612.3801,4.911,1.716,4.441,0.000,2.615,0.663,0.000,2.300,,0.900,3.711,0.000,7.589,1.129,2.590,0.885,0.572,6.080,,,,,,,,,,,,,,,,,,,,,,,,,,,,,,,,,,,,,,,,,,,,,,,,,,,,,,,,,,,,,,,,,,,,,,,,,,,,,,,,
LPCXX(22:2)_[M+Cl]1-,LPC,610.3645,2.293,5.165,6.361,2.364,0.000,1.018,1.457,0.000,,0.910,0.710,1.017,6.238,2.860,1.822,0.156,0.199,1.878,,,,,,,,,,,,,,,,,,,,,,,,,,,,,,,,,,,,,,,,,,,,,,,,,,,,,,,,,,,,,,,,,,,,,,,,,,,,,,,,
LPCXX(24:0)_[M+OAC]1-,LPC,666.4715,10.980,4.895,12.945,5.309,0.000,6.049,28.577,13.296,,0.653,0.435,1.302,0.000,6.548,2.999,0.000,0.000,0.000,,,,,,,,,,,,,,,,,,,,,,,,,,,,,,,,,,,,,,,,,,,,,,,,,,,,,,,,,,,,,,,,,,,,,,,,,,,,,,,,
LPC-O(19:1)_[M+Cl]1-,LPC,554.3383,5.119,9.073,14.315,5.863,1.202,4.639,20.122,19.952,,1.097,3.198,3.643,31.777,5.625,4.851,1.970,0.967,7.616,,,,,,,,,,,,,,,,,,,,,,,,,,,,,,,,,,,,,,,,,,,,,,,,,,,,,,,,,,,,,,,,,,,,,,,,,,,,,,,,
LPEXX(13:0)_[M-H]1-,LPE,410.2313,24.353,27.552,19.682,11.145,3.944,6.424,18.657,121.859,,5.959,140.899,15.343,84.553,11.198,11.331,111.859,85.530,12.514,,,,,,,,,,,,,,,,,,,,,,,,,,,,,,,,,,,,,,,,,,,,,,,,,,,,,,,,,,,,,,,,,,,,,,,,,,,,,,,,
LPEXX(16:0)_[M-H]1-,LPE,452.2783,3.249,9.030,1.976,2.830,1.751,3.867,3.640,6.155,,2.265,1.905,0.000,9.758,1.259,5.099,7.577,28.085,7.511,,,,,,,,,,,,,,,,,,,,,,,,,,,,,,,,,,,,,,,,,,,,,,,,,,,,,,,,,,,,,,,,,,,,,,,,,,,,,,,,
LPEXX(18:0)_[M-H]1-,LPE,480.3096,3.381,62.535,3.886,1.938,26.137,165.149,6.655,25.187,,12.464,166.094,1.605,26.148,0.664,5.385,97.855,98.711,3.210,,,,,,,,,,,,,,,,,,,,,,,,,,,,,,,,,,,,,,,,,,,,,,,,,,,,,,,,,,,,,,,,,,,,,,,,,,,,,,,,
LPEXX(18:1)_[M-H]1-,LPE,478.2939,1.264,3.719,2.856,1.604,3.226,2.773,2.594,5.636,,37.170,1.827,0.460,11.637,1.290,2.662,7.911,10.204,5.595,,,,,,,,,,,,,,,,,,,,,,,,,,,,,,,,,,,,,,,,,,,,,,,,,,,,,,,,,,,,,,,,,,,,,,,,,,,,,,,,
LPEXX(20:0)_[M-H]1-,LPE,508.3409,3.082,6.581,5.643,1.662,10.603,112.632,1.499,5.056,,1.148,77.025,3.400,16.480,6.998,9.803,37.611,9.405,2.052,,,,,,,,,,,,,,,,,,,,,,,,,,,,,,,,,,,,,,,,,,,,,,,,,,,,,,,,,,,,,,,,,,,,,,,,,,,,,,,,
LPEXX(20:1)_[M-H]1-,LPE,506.3252,1.742,2.300,2.134,1.632,0.000,37.268,3.337,2.891,,1.181,21.466,3.057,20.439,2.450,2.296,21.618,0.891,5.862,,,,,,,,,,,,,,,,,,,,,,,,,,,,,,,,,,,,,,,,,,,,,,,,,,,,,,,,,,,,,,,,,,,,,,,,,,,,,,,,
LPEXX(22:6)_[M-H]1-,LPE,524.2783,42.853,15.944,26.760,16.966,12.348,8.383,21.877,13.223,,50.318,53.278,21.522,159.298,15.765,12.483,11.312,18.707,123.076,,,,,,,,,,,,,,,,,,,,,,,,,,,,,,,,,,,,,,,,,,,,,,,,,,,,,,,,,,,,,,,,,,,,,,,,,,,,,,,,
PAXXX(34:0)_[M-H]1-,PA,675.496483,6.986,0.000,9.440,3.132,1.492,1.277,13.037,4.478,,1.639,29.659,0.994,0.000,0.000,2.442,20.502,15.502,13.083,,,,,,,,,,,,,,,,,,,,,,,,,,,,,,,,,,,,,,,,,,,,,,,,,,,,,,,,,,,,,,,,,,,,,,,,,,,,,,,,
PAXXX(36:0)_[M-H]1-,PA,703.527783,19.106,7.215,41.065,4.664,5.678,3.653,56.222,14.865,,3.476,0.816,3.296,6.522,5.076,1.632,2.211,2.310,6.115,,,,,,,,,,,,,,,,,,,,,,,,,,,,,,,,,,,,,,,,,,,,,,,,,,,,,,,,,,,,,,,,,,,,,,,,,,,,,,,,
PAXXX(36:1)_[M-H]1-,PA,701.512133,2.077,0.000,3.608,0.000,0.000,0.000,11.343,0.000,,0.000,0.534,0.426,4.070,0.573,0.000,10.879,23.948,2.854,,,,,,,,,,,,,,,,,,,,,,,,,,,,,,,,,,,,,,,,,,,,,,,,,,,,,,,,,,,,,,,,,,,,,,,,,,,,,,,,
PAXXX(40:7)_[M-H]1-,PA,745.480833,0.000,0.000,1.982,0.000,2.439,0.414,3.912,1.756,,0.000,0.085,0.000,0.000,0.000,0.000,0.559,5.115,3.059,,,,,,,,,,,,,,,,,,,,,,,,,,,,,,,,,,,,,,,,,,,,,,,,,,,,,,,,,,,,,,,,,,,,,,,,,,,,,,,,
PCXXX(28:2)_[M+OAC]1- ,PC,732.4821,0.000,0.000,0.000,0.000,0.000,0.000,0.000,0.000,,0.000,0.425,0.000,0.000,0.000,0.000,0.000,0.000,0.000,,,,,,,,,,,,,,,,,,,,,,,,,,,,,,,,,,,,,,,,,,,,,,,,,,,,,,,,,,,,,,,,,,,,,,,,,,,,,,,,
PCXXX(31:1)_[M+OAC]1- ,PC,776.5447,0.000,0.000,0.000,0.623,1.813,0.000,0.000,0.000,,0.412,0.000,1.128,0.000,0.000,3.288,2.193,3.664,0.000,,,,,,,,,,,,,,,,,,,,,,,,,,,,,,,,,,,,,,,,,,,,,,,,,,,,,,,,,,,,,,,,,,,,,,,,,,,,,,,,
PCXXX(32:3)_[M+OAC]1- ,PC,786.5291,1.407,59.512,4.046,4.923,27.120,3.570,1.103,8.223,,3.383,0.000,1.452,0.000,0.000,0.893,5.374,13.220,2.461,,,,,,,,,,,,,,,,,,,,,,,,,,,,,,,,,,,,,,,,,,,,,,,,,,,,,,,,,,,,,,,,,,,,,,,,,,,,,,,,
PCXXX(33:1)_[M+OAC]1- ,PC,804.576,1.517,0.000,6.076,1.258,0.000,10.219,8.435,20.054,,13.943,36.042,2.527,0.000,3.656,0.000,43.699,43.337,0.000,,,,,,,,,,,,,,,,,,,,,,,,,,,,,,,,,,,,,,,,,,,,,,,,,,,,,,,,,,,,,,,,,,,,,,,,,,,,,,,,
PCXXX(33:2)_[M+OAC]1- ,PC,802.5604,0.000,0.000,0.000,0.000,0.000,40.866,0.000,0.000,,0.760,45.838,0.545,0.000,0.000,0.000,30.779,5.863,0.000,,,,,,,,,,,,,,,,,,,,,,,,,,,,,,,,,,,,,,,,,,,,,,,,,,,,,,,,,,,,,,,,,,,,,,,,,,,,,,,,
PCXXX(33:3)_[M+OAC]1- ,PC,800.5447,0.000,0.000,2.129,2.949,1.368,0.000,0.000,3.975,,0.668,0.447,1.572,4.843,2.283,2.427,0.077,0.135,0.000,,,,,,,,,,,,,,,,,,,,,,,,,,,,,,,,,,,,,,,,,,,,,,,,,,,,,,,,,,,,,,,,,,,,,,,,,,,,,,,,
PCXXX(33:4)_[M+OAC]1- ,PC,798.5291,1.638,0.000,0.000,0.869,0.000,0.393,0.000,0.000,,0.000,0.882,2.964,0.000,3.339,2.786,0.159,0.000,1.846,,,,,,,,,,,,,,,,,,,,,,,,,,,,,,,,,,,,,,,,,,,,,,,,,,,,,,,,,,,,,,,,,,,,,,,,,,,,,,,,
PCXXX(34:0)_[M+OAC]1-,PC,820.6073,0.000,0.000,0.000,0.679,0.000,0.000,0.000,1.003,,0.000,0.000,0.000,0.000,0.000,0.000,0.000,0.000,0.000,,,,,,,,,,,,,,,,,,,,,,,,,,,,,,,,,,,,,,,,,,,,,,,,,,,,,,,,,,,,,,,,,,,,,,,,,,,,,,,,
PCXXX(34:1)_[M+Cl]1-,PC,794.5472,0.000,0.000,0.000,0.649,0.000,0.000,1.043,0.000,,1.206,5.588,0.000,0.000,0.000,0.000,14.997,9.994,0.000,,,,,,,,,,,,,,,,,,,,,,,,,,,,,,,,,,,,,,,,,,,,,,,,,,,,,,,,,,,,,,,,,,,,,,,,,,,,,,,,
PCXXX(34:1)_[M+OAC]1- ,PC,818.5917,0.000,0.000,0.000,0.000,0.000,0.222,0.000,0.000,,0.000,0.000,0.000,0.000,0.332,0.000,1.797,1.577,0.000,,,,,,,,,,,,,,,,,,,,,,,,,,,,,,,,,,,,,,,,,,,,,,,,,,,,,,,,,,,,,,,,,,,,,,,,,,,,,,,,
PCXXX(34:2)_[M+Cl]1-,PC,792.5316,0.000,0.000,0.000,0.000,0.000,9.138,0.000,0.000,,0.000,15.637,0.000,0.000,0.513,0.000,12.247,5.502,1.106,,,,,,,,,,,,,,,,,,,,,,,,,,,,,,,,,,,,,,,,,,,,,,,,,,,,,,,,,,,,,,,,,,,,,,,,,,,,,,,,
PCXXX(34:2)_[M+OAC]1- ,PC,816.576,0.000,0.000,2.476,0.609,0.000,0.000,0.000,0.000,,0.000,0.985,0.000,0.000,0.000,0.298,4.945,1.202,0.000,,,,,,,,,,,,,,,,,,,,,,,,,,,,,,,,,,,,,,,,,,,,,,,,,,,,,,,,,,,,,,,,,,,,,,,,,,,,,,,,
PCXXX(34:3)_[M+OAC]1- ,PC,814.5604,5.100,0.000,0.000,1.116,0.000,0.667,7.027,3.691,,2.347,0.000,1.423,0.000,0.000,1.532,0.000,0.000,0.000,,,,,,,,,,,,,,,,,,,,,,,,,,,,,,,,,,,,,,,,,,,,,,,,,,,,,,,,,,,,,,,,,,,,,,,,,,,,,,,,
PCXXX(34:5)_[M+OAC]1- ,PC,810.5291,0.000,2.669,1.469,0.752,0.000,0.342,0.000,0.000,,0.912,0.367,0.000,3.997,0.000,0.000,1.357,2.075,0.000,,,,,,,,,,,,,,,,,,,,,,,,,,,,,,,,,,,,,,,,,,,,,,,,,,,,,,,,,,,,,,,,,,,,,,,,,,,,,,,,
PCXXX(34:6)_[M+OAC]1- ,PC,808.5134,0.000,5.078,2.901,0.000,4.521,0.454,0.000,0.000,,0.333,0.000,0.000,0.000,0.958,0.000,0.000,0.000,0.000,,,,,,,,,,,,,,,,,,,,,,,,,,,,,,,,,,,,,,,,,,,,,,,,,,,,,,,,,,,,,,,,,,,,,,,,,,,,,,,,
PCXXX(35:2)_[M+OAC]1- ,PC,830.5917,0.000,1.566,3.446,0.000,0.000,37.840,0.000,0.000,,2.471,17.346,0.000,0.000,0.000,0.722,14.058,1.389,0.000,,,,,,,,,,,,,,,,,,,,,,,,,,,,,,,,,,,,,,,,,,,,,,,,,,,,,,,,,,,,,,,,,,,,,,,,,,,,,,,,
PCXXX(35:3)_[M+OAC]1- ,PC,828.576,0.000,0.000,0.000,0.421,0.000,1.726,0.990,0.000,,0.000,2.862,0.418,7.512,0.000,0.000,3.368,0.000,1.457,,,,,,,,,,,,,,,,,,,,,,,,,,,,,,,,,,,,,,,,,,,,,,,,,,,,,,,,,,,,,,,,,,,,,,,,,,,,,,,,
PCXXX(35:4)_[M+OAC]1- ,PC,826.5604,0.000,2.485,0.000,0.000,0.000,12.075,0.000,0.000,,0.000,15.628,0.000,3.482,0.000,0.000,14.406,7.370,0.000,,,,,,,,,,,,,,,,,,,,,,,,,,,,,,,,,,,,,,,,,,,,,,,,,,,,,,,,,,,,,,,,,,,,,,,,,,,,,,,,
PCXXX(35:5)_[M+Cl]1-,PC,800.5003,0.000,1.361,0.000,0.770,0.000,0.000,0.000,0.000,,0.000,0.000,0.000,1.705,0.000,0.000,0.000,0.000,0.000,,,,,,,,,,,,,,,,,,,,,,,,,,,,,,,,,,,,,,,,,,,,,,,,,,,,,,,,,,,,,,,,,,,,,,,,,,,,,,,,
PCXXX(35:5)_[M+OAC]1- ,PC,824.5447,0.000,0.000,1.187,0.000,0.000,0.000,0.000,2.398,,0.525,0.000,0.758,0.000,0.000,0.000,0.000,0.000,1.394,,,,,,,,,,,,,,,,,,,,,,,,,,,,,,,,,,,,,,,,,,,,,,,,,,,,,,,,,,,,,,,,,,,,,,,,,,,,,,,,
PCXXX(36:0)_[M+OAC]1-,PC,848.6386,0.000,0.000,0.000,0.000,0.000,0.000,0.000,0.000,,0.000,0.000,0.000,0.000,0.000,0.000,1.429,0.231,0.000,,,,,,,,,,,,,,,,,,,,,,,,,,,,,,,,,,,,,,,,,,,,,,,,,,,,,,,,,,,,,,,,,,,,,,,,,,,,,,,,
PCXXX(36:2)_[M+Cl]1-,PC,820.5629,0.000,1.517,0.000,0.850,0.000,5.404,0.000,0.000,,0.709,2.120,0.000,0.000,0.000,0.000,0.689,0.000,0.000,,,,,,,,,,,,,,,,,,,,,,,,,,,,,,,,,,,,,,,,,,,,,,,,,,,,,,,,,,,,,,,,,,,,,,,,,,,,,,,,
PCXXX(36:2)_[M+OAC]1- ,PC,844.6073,1.804,0.000,0.000,0.000,0.000,0.473,0.000,0.000,,0.000,0.000,0.529,0.000,0.000,0.000,0.153,0.236,0.000,,,,,,,,,,,,,,,,,,,,,,,,,,,,,,,,,,,,,,,,,,,,,,,,,,,,,,,,,,,,,,,,,,,,,,,,,,,,,,,,
PCXXX(36:3)_[M+Cl]1-,PC,818.5472,0.000,0.000,0.000,0.689,0.000,1.016,0.000,0.000,,0.000,1.128,0.000,0.000,0.000,0.000,1.227,0.470,0.000,,,,,,,,,,,,,,,,,,,,,,,,,,,,,,,,,,,,,,,,,,,,,,,,,,,,,,,,,,,,,,,,,,,,,,,,,,,,,,,,
PCXXX(36:3)_[M+OAC]1- ,PC,842.5917,0.000,3.158,1.620,0.979,0.000,1.318,1.774,1.797,,0.000,0.000,1.098,0.000,2.604,0.000,0.169,0.000,0.000,,,,,,,,,,,,,,,,,,,,,,,,,,,,,,,,,,,,,,,,,,,,,,,,,,,,,,,,,,,,,,,,,,,,,,,,,,,,,,,,
PCXXX(36:4)_[M+Cl]1-,PC,816.5316,0.000,0.000,0.000,0.000,0.000,0.568,0.000,0.000,,0.000,0.835,0.000,0.000,0.000,1.070,2.089,0.324,0.000,,,,,,,,,,,,,,,,,,,,,,,,,,,,,,,,,,,,,,,,,,,,,,,,,,,,,,,,,,,,,,,,,,,,,,,,,,,,,,,,
PCXXX(36:4)_[M+OAC]1- ,PC,840.576,3.552,1.579,0.000,0.000,0.000,0.000,0.979,0.000,,1.217,0.000,1.107,0.000,0.957,0.000,0.457,0.506,0.000,,,,,,,,,,,,,,,,,,,,,,,,,,,,,,,,,,,,,,,,,,,,,,,,,,,,,,,,,,,,,,,,,,,,,,,,,,,,,,,,
PCXXX(36:6)_[M+OAC]1- ,PC,836.5447,0.000,2.120,0.000,0.000,1.612,0.000,0.000,0.000,,0.000,0.429,0.000,0.000,0.000,0.000,2.506,6.479,0.000,,,,,,,,,,,,,,,,,,,,,,,,,,,,,,,,,,,,,,,,,,,,,,,,,,,,,,,,,,,,,,,,,,,,,,,,,,,,,,,,
PCXXX(36:7)_[M+OAC]1- ,PC,834.5291,2.407,0.000,0.000,0.000,0.000,0.000,0.000,0.000,,0.000,10.702,0.000,0.000,0.612,0.000,53.435,81.227,0.000,,,,,,,,,,,,,,,,,,,,,,,,,,,,,,,,,,,,,,,,,,,,,,,,,,,,,,,,,,,,,,,,,,,,,,,,,,,,,,,,
PCXXX(36:8)_[M+OAC]1- ,PC,832.5134,1.853,0.000,0.000,0.000,0.000,0.000,0.000,0.000,,0.000,0.000,0.000,0.000,0.000,0.000,0.000,0.199,0.000,,,,,,,,,,,,,,,,,,,,,,,,,,,,,,,,,,,,,,,,,,,,,,,,,,,,,,,,,,,,,,,,,,,,,,,,,,,,,,,,
PCXXX(37:2)_[M+Cl]1-,PC,834.5785,0.000,2.092,0.000,0.000,0.000,0.000,0.000,0.000,,0.000,0.356,0.000,0.000,0.746,0.000,0.000,0.000,0.000,,,,,,,,,,,,,,,,,,,,,,,,,,,,,,,,,,,,,,,,,,,,,,,,,,,,,,,,,,,,,,,,,,,,,,,,,,,,,,,,
PCXXX(37:2)_[M+OAC]1- ,PC,858.623,0.000,0.000,1.268,0.000,0.000,0.000,1.708,0.000,,0.000,0.000,0.635,0.000,0.000,0.000,0.000,0.000,0.000,,,,,,,,,,,,,,,,,,,,,,,,,,,,,,,,,,,,,,,,,,,,,,,,,,,,,,,,,,,,,,,,,,,,,,,,,,,,,,,,
PCXXX(37:3)_[M+Cl]1-,PC,832.5629,0.000,0.000,0.000,0.000,0.000,0.000,0.000,0.000,,0.000,0.451,0.000,0.000,0.000,0.000,0.543,0.237,0.000,,,,,,,,,,,,,,,,,,,,,,,,,,,,,,,,,,,,,,,,,,,,,,,,,,,,,,,,,,,,,,,,,,,,,,,,,,,,,,,,
PCXXX(37:4)_[M+OAC]1- ,PC,854.5917,0.000,1.334,0.000,0.000,0.000,18.115,0.000,2.115,,0.740,7.005,0.560,3.559,0.730,0.000,5.048,0.742,0.000,,,,,,,,,,,,,,,,,,,,,,,,,,,,,,,,,,,,,,,,,,,,,,,,,,,,,,,,,,,,,,,,,,,,,,,,,,,,,,,,
PCXXX(37:5)_[M+OAC]1- ,PC,852.576,0.000,0.000,0.000,0.995,0.000,0.000,0.000,0.000,,0.000,0.460,0.000,0.000,0.000,0.000,0.857,0.175,0.000,,,,,,,,,,,,,,,,,,,,,,,,,,,,,,,,,,,,,,,,,,,,,,,,,,,,,,,,,,,,,,,,,,,,,,,,,,,,,,,,
PCXXX(37:6)_[M+OAC]1- ,PC,850.5604,0.000,1.458,1.833,0.000,0.000,3.557,1.159,0.000,,0.000,3.855,0.000,0.000,0.000,0.000,6.009,1.720,0.000,,,,,,,,,,,,,,,,,,,,,,,,,,,,,,,,,,,,,,,,,,,,,,,,,,,,,,,,,,,,,,,,,,,,,,,,,,,,,,,,
PCXXX(37:7)_[M+Cl]1-,PC,824.5003,1.521,0.000,0.000,1.536,0.000,0.000,0.000,1.976,,0.000,0.000,0.565,2.649,0.612,0.000,0.000,0.220,0.000,,,,,,,,,,,,,,,,,,,,,,,,,,,,,,,,,,,,,,,,,,,,,,,,,,,,,,,,,,,,,,,,,,,,,,,,,,,,,,,,
PCXXX(37:7)_[M+OAC]1- ,PC,848.5447,0.000,0.000,0.000,0.000,0.000,0.000,2.262,1.711,,0.000,0.000,0.000,4.095,0.000,0.000,0.000,0.227,0.000,,,,,,,,,,,,,,,,,,,,,,,,,,,,,,,,,,,,,,,,,,,,,,,,,,,,,,,,,,,,,,,,,,,,,,,,,,,,,,,,
PCXXX(38:0)_[M+Cl]1-,PC,852.6255,0.000,0.000,0.000,1.008,23.831,0.000,0.000,0.000,,0.000,0.000,0.000,3.730,0.000,0.000,0.000,0.000,1.138,,,,,,,,,,,,,,,,,,,,,,,,,,,,,,,,,,,,,,,,,,,,,,,,,,,,,,,,,,,,,,,,,,,,,,,,,,,,,,,,
PCXXX(38:0)_[M+OAC]1-,PC,876.6699,0.000,0.000,0.000,0.000,1.053,0.000,0.000,0.000,,0.716,0.000,0.000,0.000,0.000,0.000,0.000,0.000,0.000,,,,,,,,,,,,,,,,,,,,,,,,,,,,,,,,,,,,,,,,,,,,,,,,,,,,,,,,,,,,,,,,,,,,,,,,,,,,,,,,
PCXXX(38:2)_[M+OAC]1- ,PC,872.6386,0.000,0.000,0.000,0.000,0.000,0.000,0.000,0.000,,0.000,0.000,0.000,0.000,0.000,0.000,0.000,0.000,0.000,,,,,,,,,,,,,,,,,,,,,,,,,,,,,,,,,,,,,,,,,,,,,,,,,,,,,,,,,,,,,,,,,,,,,,,,,,,,,,,,
PCXXX(38:3)_[M+OAC]1- ,PC,870.623,0.000,0.000,0.000,0.000,0.000,0.000,1.082,0.000,,0.000,0.000,0.000,0.000,0.000,1.896,0.000,0.000,0.000,,,,,,,,,,,,,,,,,,,,,,,,,,,,,,,,,,,,,,,,,,,,,,,,,,,,,,,,,,,,,,,,,,,,,,,,,,,,,,,,
PCXXX(38:4)_[M+Cl]1-,PC,844.5629,0.000,0.000,0.000,0.000,0.000,1.834,0.000,0.000,,0.000,0.378,0.000,3.621,0.000,1.242,0.619,0.142,0.000,,,,,,,,,,,,,,,,,,,,,,,,,,,,,,,,,,,,,,,,,,,,,,,,,,,,,,,,,,,,,,,,,,,,,,,,,,,,,,,,
PCXXX(38:4)_[M+OAC]1- ,PC,868.6073,0.000,0.000,0.000,0.000,0.000,0.000,1.815,0.000,,0.000,0.571,0.000,0.000,0.000,0.000,0.000,0.000,0.000,,,,,,,,,,,,,,,,,,,,,,,,,,,,,,,,,,,,,,,,,,,,,,,,,,,,,,,,,,,,,,,,,,,,,,,,,,,,,,,,
PCXXX(38:5)_[M+Cl]1-,PC,842.5472,0.000,0.000,0.000,0.000,0.000,0.000,0.000,0.000,,0.000,0.000,0.000,2.791,0.051,0.000,0.000,0.000,0.866,,,,,,,,,,,,,,,,,,,,,,,,,,,,,,,,,,,,,,,,,,,,,,,,,,,,,,,,,,,,,,,,,,,,,,,,,,,,,,,,
PCXXX(38:5)_[M+OAC]1- ,PC,866.5917,0.000,0.000,1.914,0.000,0.000,0.000,0.000,0.000,,0.000,0.000,0.000,0.000,0.000,0.000,0.305,0.000,0.000,,,,,,,,,,,,,,,,,,,,,,,,,,,,,,,,,,,,,,,,,,,,,,,,,,,,,,,,,,,,,,,,,,,,,,,,,,,,,,,,
PCXXX(38:6)_[M+Cl]1-,PC,840.5316,0.000,0.000,0.000,0.000,0.000,0.000,0.000,0.000,,0.000,0.961,0.000,0.000,0.000,0.000,2.486,2.083,0.000,,,,,,,,,,,,,,,,,,,,,,,,,,,,,,,,,,,,,,,,,,,,,,,,,,,,,,,,,,,,,,,,,,,,,,,,,,,,,,,,
PCXXX(38:6)_[M+OAC]1- ,PC,864.576,0.000,1.155,0.000,0.000,0.000,0.000,0.000,0.000,,0.000,0.406,0.000,0.000,0.000,0.000,0.709,0.819,0.000,,,,,,,,,,,,,,,,,,,,,,,,,,,,,,,,,,,,,,,,,,,,,,,,,,,,,,,,,,,,,,,,,,,,,,,,,,,,,,,,
PCXXX(38:7)_[M+OAC]1- ,PC,862.5604,3.169,0.000,0.000,0.000,3.863,0.000,0.000,0.000,,0.711,3.952,0.000,0.000,2.341,0.882,3.076,6.940,0.000,,,,,,,,,,,,,,,,,,,,,,,,,,,,,,,,,,,,,,,,,,,,,,,,,,,,,,,,,,,,,,,,,,,,,,,,,,,,,,,,
PCXXX(38:9)_[M+OAC]1- ,PC,858.5291,4.129,22.319,10.767,6.625,3.891,1.389,4.519,3.572,,7.749,2.348,7.183,3.847,2.463,1.593,0.846,2.072,2.494,,,,,,,,,,,,,,,,,,,,,,,,,,,,,,,,,,,,,,,,,,,,,,,,,,,,,,,,,,,,,,,,,,,,,,,,,,,,,,,,
PCXXX(39:2)_[M+OAC]1- ,PC,886.6543,0.000,0.000,0.000,0.000,0.000,0.000,0.000,0.000,,0.000,0.000,0.000,0.000,0.000,0.000,0.000,0.000,0.000,,,,,,,,,,,,,,,,,,,,,,,,,,,,,,,,,,,,,,,,,,,,,,,,,,,,,,,,,,,,,,,,,,,,,,,,,,,,,,,,
PCXXX(39:3)_[M+OAC]1- ,PC,884.6386,0.000,0.000,0.000,0.000,0.000,0.000,0.000,0.000,,0.000,0.000,0.000,0.000,0.000,0.000,0.000,0.000,0.000,,,,,,,,,,,,,,,,,,,,,,,,,,,,,,,,,,,,,,,,,,,,,,,,,,,,,,,,,,,,,,,,,,,,,,,,,,,,,,,,
PCXXX(39:4)_[M+Cl]1-,PC,858.5785,0.000,0.000,0.000,0.000,0.000,0.000,0.000,0.000,,0.000,0.059,0.000,0.000,0.000,0.000,0.000,0.018,0.000,,,,,,,,,,,,,,,,,,,,,,,,,,,,,,,,,,,,,,,,,,,,,,,,,,,,,,,,,,,,,,,,,,,,,,,,,,,,,,,,
PCXXX(39:4)_[M+OAC]1-,PC,882.623,0.000,0.000,2.161,0.960,0.000,0.000,0.000,0.000,,0.000,0.435,0.000,4.021,0.000,0.000,0.000,0.000,0.000,,,,,,,,,,,,,,,,,,,,,,,,,,,,,,,,,,,,,,,,,,,,,,,,,,,,,,,,,,,,,,,,,,,,,,,,,,,,,,,,
PCXXX(39:5)_[M+OAC]1- ,PC,880.6073,0.000,0.000,0.000,0.000,0.000,0.000,0.000,0.000,,0.000,0.000,0.000,3.582,0.000,0.000,0.199,0.134,1.920,,,,,,,,,,,,,,,,,,,,,,,,,,,,,,,,,,,,,,,,,,,,,,,,,,,,,,,,,,,,,,,,,,,,,,,,,,,,,,,,
PCXXX(39:6)_[M+OAC]1-,PC,878.5917,1.972,0.000,0.682,0.000,0.000,2.044,0.000,0.000,,0.529,0.000,0.000,0.000,0.376,0.000,13.721,2.030,0.000,,,,,,,,,,,,,,,,,,,,,,,,,,,,,,,,,,,,,,,,,,,,,,,,,,,,,,,,,,,,,,,,,,,,,,,,,,,,,,,,
PCXXX(39:7)_[M+OAC]1- ,PC,876.576,0.000,0.000,0.000,0.821,0.000,0.000,0.000,0.000,,0.378,0.000,0.000,0.000,0.000,0.000,0.239,0.022,1.233,,,,,,,,,,,,,,,,,,,,,,,,,,,,,,,,,,,,,,,,,,,,,,,,,,,,,,,,,,,,,,,,,,,,,,,,,,,,,,,,
PCXXX(40:0)_[M+Cl]1-,PC,880.6568,0.000,0.000,1.612,0.467,13.076,0.276,0.000,0.000,,0.768,0.000,1.061,0.000,0.000,0.000,0.000,0.000,0.000,,,,,,,,,,,,,,,,,,,,,,,,,,,,,,,,,,,,,,,,,,,,,,,,,,,,,,,,,,,,,,,,,,,,,,,,,,,,,,,,
PCXXX(40:1)_[M+Cl]1-,PC,878.6411,0.000,0.000,0.000,0.000,0.000,0.000,0.000,0.000,,0.392,0.000,0.000,0.000,0.000,0.000,0.000,0.000,0.000,,,,,,,,,,,,,,,,,,,,,,,,,,,,,,,,,,,,,,,,,,,,,,,,,,,,,,,,,,,,,,,,,,,,,,,,,,,,,,,,
PCXXX(40:1)_[M+OAC]1- ,PC,902.6856,0.000,0.000,0.000,0.000,0.000,0.000,0.000,0.000,,0.000,0.000,0.000,0.000,0.964,0.000,0.000,0.000,0.000,,,,,,,,,,,,,,,,,,,,,,,,,,,,,,,,,,,,,,,,,,,,,,,,,,,,,,,,,,,,,,,,,,,,,,,,,,,,,,,,
PCXXX(40:10)_[M+OAC]1-,PC,884.5447,0.000,0.000,0.000,0.000,0.000,0.000,0.000,0.000,,0.000,0.000,0.000,0.000,0.000,0.000,0.682,2.410,0.000,,,,,,,,,,,,,,,,,,,,,,,,,,,,,,,,,,,,,,,,,,,,,,,,,,,,,,,,,,,,,,,,,,,,,,,,,,,,,,,,
PCXXX(40:2)_[M+Cl]1-,PC,876.6255,0.000,0.000,0.000,0.000,0.000,0.000,0.000,0.000,,0.000,0.411,0.000,0.000,0.000,0.000,0.454,0.000,0.000,,,,,,,,,,,,,,,,,,,,,,,,,,,,,,,,,,,,,,,,,,,,,,,,,,,,,,,,,,,,,,,,,,,,,,,,,,,,,,,,
PCXXX(40:2)_[M+OAC]1- ,PC,900.6699,0.000,0.000,0.000,0.000,1.146,0.000,1.515,0.000,,0.663,0.000,0.000,0.000,0.000,0.000,0.000,0.000,0.000,,,,,,,,,,,,,,,,,,,,,,,,,,,,,,,,,,,,,,,,,,,,,,,,,,,,,,,,,,,,,,,,,,,,,,,,,,,,,,,,
PCXXX(40:3)_[M+Cl]1-,PC,874.6098,0.000,1.960,0.966,0.000,0.000,0.000,0.000,0.000,,0.595,0.000,0.000,3.250,0.000,0.000,0.000,0.177,0.000,,,,,,,,,,,,,,,,,,,,,,,,,,,,,,,,,,,,,,,,,,,,,,,,,,,,,,,,,,,,,,,,,,,,,,,,,,,,,,,,
PCXXX(40:4)_[M+Cl]1-,PC,872.5942,1.284,0.000,0.780,0.000,0.000,0.000,0.000,0.000,,0.000,0.000,0.552,0.000,0.000,0.000,0.000,0.190,0.000,,,,,,,,,,,,,,,,,,,,,,,,,,,,,,,,,,,,,,,,,,,,,,,,,,,,,,,,,,,,,,,,,,,,,,,,,,,,,,,,
PCXXX(40:5)_[M+Cl]1-,PC,870.5785,0.000,0.000,0.000,0.000,0.000,0.000,1.310,0.000,,0.000,0.000,0.000,0.000,0.000,0.000,0.000,0.000,0.000,,,,,,,,,,,,,,,,,,,,,,,,,,,,,,,,,,,,,,,,,,,,,,,,,,,,,,,,,,,,,,,,,,,,,,,,,,,,,,,,
PCXXX(40:6)_[M+Cl]1-,PC,868.5629,0.000,0.000,0.000,0.000,0.000,0.000,0.000,0.000,,0.000,1.959,0.000,4.183,0.000,0.000,0.144,0.000,0.000,,,,,,,,,,,,,,,,,,,,,,,,,,,,,,,,,,,,,,,,,,,,,,,,,,,,,,,,,,,,,,,,,,,,,,,,,,,,,,,,
PCXXX(40:6)_[M+OAC]1- ,PC,892.6073,0.000,0.000,0.000,0.000,0.000,0.000,0.000,0.000,,0.000,0.000,0.000,0.000,0.000,0.000,2.067,0.814,0.000,,,,,,,,,,,,,,,,,,,,,,,,,,,,,,,,,,,,,,,,,,,,,,,,,,,,,,,,,,,,,,,,,,,,,,,,,,,,,,,,
PCXXX(40:9)_[M+OAC]1- ,PC,886.5604,0.000,0.000,0.000,0.000,0.000,19.517,3.847,0.000,,0.000,22.995,0.000,0.000,0.000,0.639,33.248,45.458,0.000,,,,,,,,,,,,,,,,,,,,,,,,,,,,,,,,,,,,,,,,,,,,,,,,,,,,,,,,,,,,,,,,,,,,,,,,,,,,,,,,
PCXXX(41:0)_[M+Cl]1-,PC,894.6724,0.000,1.570,2.001,0.000,0.000,0.000,0.000,0.000,,0.000,0.000,0.888,0.000,0.000,0.000,0.000,0.000,0.000,,,,,,,,,,,,,,,,,,,,,,,,,,,,,,,,,,,,,,,,,,,,,,,,,,,,,,,,,,,,,,,,,,,,,,,,,,,,,,,,
PCXXX(41:1)_[M+OAC]1-,PC,916.7012,0.000,1.995,2.611,0.000,0.000,0.000,0.000,0.000,,0.000,0.000,0.000,0.000,0.000,0.312,0.000,0.000,0.000,,,,,,,,,,,,,,,,,,,,,,,,,,,,,,,,,,,,,,,,,,,,,,,,,,,,,,,,,,,,,,,,,,,,,,,,,,,,,,,,
PCXXX(41:2)_[M+OAC]1-,PC,914.6856,1.759,0.000,0.000,0.000,0.000,0.000,0.000,0.000,,0.891,0.000,0.000,0.000,0.000,0.000,0.000,0.000,0.000,,,,,,,,,,,,,,,,,,,,,,,,,,,,,,,,,,,,,,,,,,,,,,,,,,,,,,,,,,,,,,,,,,,,,,,,,,,,,,,,
PCXXX(41:4)_[M+Cl]1-,PC,886.6098,2.465,0.000,1.459,0.000,0.000,0.000,0.000,0.000,,0.000,0.000,0.000,0.000,0.831,0.000,0.000,0.506,0.000,,,,,,,,,,,,,,,,,,,,,,,,,,,,,,,,,,,,,,,,,,,,,,,,,,,,,,,,,,,,,,,,,,,,,,,,,,,,,,,,
PCXXX(41:4)_[M+OAC]1-,PC,910.6543,0.000,0.000,0.000,0.000,0.000,0.000,0.000,0.000,,0.000,0.000,0.000,0.000,0.000,0.000,0.000,0.000,0.767,,,,,,,,,,,,,,,,,,,,,,,,,,,,,,,,,,,,,,,,,,,,,,,,,,,,,,,,,,,,,,,,,,,,,,,,,,,,,,,,
PCXXX(41:5)_[M+Cl]1-,PC,884.5942,0.000,0.000,0.000,0.000,0.000,0.000,0.000,0.000,,0.000,0.000,0.000,0.000,0.000,0.000,0.160,0.000,0.000,,,,,,,,,,,,,,,,,,,,,,,,,,,,,,,,,,,,,,,,,,,,,,,,,,,,,,,,,,,,,,,,,,,,,,,,,,,,,,,,
PCXXX(41:6)_[M+Cl]1-,PC,882.5785,0.000,0.000,0.000,0.000,0.000,0.000,0.000,0.000,,0.000,0.391,0.000,3.533,0.000,0.000,0.000,0.000,0.000,,,,,,,,,,,,,,,,,,,,,,,,,,,,,,,,,,,,,,,,,,,,,,,,,,,,,,,,,,,,,,,,,,,,,,,,,,,,,,,,
PCXXX(41:7)_[M+Cl]1-,PC,880.5629,2.508,0.000,0.000,0.000,0.000,0.000,3.786,0.000,,0.000,0.000,0.000,0.000,1.325,0.000,0.187,0.176,0.000,,,,,,,,,,,,,,,,,,,,,,,,,,,,,,,,,,,,,,,,,,,,,,,,,,,,,,,,,,,,,,,,,,,,,,,,,,,,,,,,
PCXXX(42:1)_[M+Cl]1-,PC,906.6724,0.000,0.000,0.000,0.000,0.000,0.000,0.000,0.000,,0.345,0.000,0.000,0.000,0.031,0.000,0.000,0.000,0.000,,,,,,,,,,,,,,,,,,,,,,,,,,,,,,,,,,,,,,,,,,,,,,,,,,,,,,,,,,,,,,,,,,,,,,,,,,,,,,,,
PCXXX(42:10)_[M+Cl]1-,PC,888.5316,1.373,0.000,0.000,0.000,0.000,0.000,0.000,0.000,,0.000,0.000,0.000,0.000,0.000,0.000,0.149,0.190,0.000,,,,,,,,,,,,,,,,,,,,,,,,,,,,,,,,,,,,,,,,,,,,,,,,,,,,,,,,,,,,,,,,,,,,,,,,,,,,,,,,
PCXXX(42:2)_[M+Cl]1-,PC,904.6568,0.000,0.000,0.000,0.000,0.000,0.000,0.000,0.000,,0.000,0.000,0.000,0.000,0.000,0.000,0.000,0.000,0.000,,,,,,,,,,,,,,,,,,,,,,,,,,,,,,,,,,,,,,,,,,,,,,,,,,,,,,,,,,,,,,,,,,,,,,,,,,,,,,,,
PCXXX(42:2)_[M+OAC]1-,PC,928.7012,0.000,0.000,0.000,0.000,0.000,0.000,0.000,0.000,,0.000,0.000,0.000,0.000,0.000,0.000,0.000,0.000,0.000,,,,,,,,,,,,,,,,,,,,,,,,,,,,,,,,,,,,,,,,,,,,,,,,,,,,,,,,,,,,,,,,,,,,,,,,,,,,,,,,
PCXXX(42:4)_[M+Cl]1-,PC,900.6255,0.000,0.000,0.000,0.000,0.000,0.000,0.000,0.000,,0.000,0.000,0.000,0.000,0.000,0.000,0.000,0.000,0.000,,,,,,,,,,,,,,,,,,,,,,,,,,,,,,,,,,,,,,,,,,,,,,,,,,,,,,,,,,,,,,,,,,,,,,,,,,,,,,,,
PCXXX(42:5)_[M+Cl]1-,PC,898.6098,0.000,0.000,0.000,0.000,0.000,0.000,0.000,1.872,,0.499,0.000,0.000,0.000,0.000,0.000,0.000,0.000,0.000,,,,,,,,,,,,,,,,,,,,,,,,,,,,,,,,,,,,,,,,,,,,,,,,,,,,,,,,,,,,,,,,,,,,,,,,,,,,,,,,
PCXXX(42:6)_[M+Cl]1-,PC,896.5942,0.000,0.000,0.000,0.459,0.000,0.000,0.000,0.000,,3.206,0.000,0.000,0.000,0.000,0.000,0.326,0.000,0.000,,,,,,,,,,,,,,,,,,,,,,,,,,,,,,,,,,,,,,,,,,,,,,,,,,,,,,,,,,,,,,,,,,,,,,,,,,,,,,,,
PCXXX(42:6)_[M+OAC]1-,PC,920.6386,0.000,0.000,0.000,0.000,0.000,0.000,0.000,0.000,,0.251,0.000,0.000,0.000,0.926,0.000,0.000,0.000,0.000,,,,,,,,,,,,,,,,,,,,,,,,,,,,,,,,,,,,,,,,,,,,,,,,,,,,,,,,,,,,,,,,,,,,,,,,,,,,,,,,
PCXXX(42:7)_[M+Cl]1-,PC,894.5785,0.000,1.609,0.000,0.000,0.000,0.334,0.000,2.496,,0.000,0.000,0.000,0.000,0.000,0.000,0.000,0.010,0.000,,,,,,,,,,,,,,,,,,,,,,,,,,,,,,,,,,,,,,,,,,,,,,,,,,,,,,,,,,,,,,,,,,,,,,,,,,,,,,,,
PCXXX(43:2)_[M+OAC]1-,PC,942.7169,0.000,0.000,0.000,0.000,0.000,0.000,0.000,0.000,,0.000,0.000,0.000,2.973,0.000,0.000,0.000,0.000,0.000,,,,,,,,,,,,,,,,,,,,,,,,,,,,,,,,,,,,,,,,,,,,,,,,,,,,,,,,,,,,,,,,,,,,,,,,,,,,,,,,
PCXXX(43:4)_[M+OAC]1-,PC,938.6856,0.000,0.000,0.000,0.000,0.000,0.249,2.428,0.000,,0.000,0.000,0.000,0.000,0.000,0.653,0.000,0.000,0.000,,,,,,,,,,,,,,,,,,,,,,,,,,,,,,,,,,,,,,,,,,,,,,,,,,,,,,,,,,,,,,,,,,,,,,,,,,,,,,,,
PCXXX(43:6)_[M+OAC]1-,PC,934.6543,0.000,0.000,0.000,0.000,0.000,0.000,0.000,0.000,,0.000,0.000,0.000,0.000,0.000,0.000,0.000,0.000,0.268,,,,,,,,,,,,,,,,,,,,,,,,,,,,,,,,,,,,,,,,,,,,,,,,,,,,,,,,,,,,,,,,,,,,,,,,,,,,,,,,
PCXXX(44:0)_[M+Cl]1-,PC,936.7194,0.000,0.000,0.000,0.000,1.235,0.000,0.000,1.009,,0.545,0.000,0.000,0.000,0.000,0.000,0.000,0.000,0.000,,,,,,,,,,,,,,,,,,,,,,,,,,,,,,,,,,,,,,,,,,,,,,,,,,,,,,,,,,,,,,,,,,,,,,,,,,,,,,,,
PCXXX(44:1)_[M+Cl]1-,PC,934.7037,0.000,0.000,0.000,0.831,0.000,0.000,0.000,0.000,,0.000,0.000,0.000,0.000,0.000,0.000,0.000,0.000,0.000,,,,,,,,,,,,,,,,,,,,,,,,,,,,,,,,,,,,,,,,,,,,,,,,,,,,,,,,,,,,,,,,,,,,,,,,,,,,,,,,
PCXXX(44:4)_[M+OAC]1-,PC,952.7012,0.000,0.000,0.000,0.000,0.000,0.000,0.000,0.000,,0.000,0.416,0.000,2.622,0.000,0.000,0.101,0.000,0.000,,,,,,,,,,,,,,,,,,,,,,,,,,,,,,,,,,,,,,,,,,,,,,,,,,,,,,,,,,,,,,,,,,,,,,,,,,,,,,,,
PCXXX(44:7)_[M+Cl]1-,PC,922.6098,0.000,0.000,0.000,0.000,0.000,0.000,0.000,0.000,,0.000,0.000,0.000,0.000,0.000,0.000,0.000,0.000,0.000,,,,,,,,,,,,,,,,,,,,,,,,,,,,,,,,,,,,,,,,,,,,,,,,,,,,,,,,,,,,,,,,,,,,,,,,,,,,,,,,
PCXXX(44:8)_[M+Cl]1-,PC,920.5942,2.730,0.000,1.479,0.000,0.000,0.311,0.356,1.546,,2.463,0.798,0.000,7.483,0.000,0.454,0.112,0.596,2.733,,,,,,,,,,,,,,,,,,,,,,,,,,,,,,,,,,,,,,,,,,,,,,,,,,,,,,,,,,,,,,,,,,,,,,,,,,,,,,,,
PCXXX(48:1)_[M+OAC]1-,PC,1012.7951,0.000,0.000,0.000,0.000,0.000,0.000,0.000,1.017,,0.000,0.700,0.781,0.000,0.000,0.000,0.245,0.000,0.000,,,,,,,,,,,,,,,,,,,,,,,,,,,,,,,,,,,,,,,,,,,,,,,,,,,,,,,,,,,,,,,,,,,,,,,,,,,,,,,,
PCXXX(50:0)_[M+OAC]1-,PC,1044.8577,2.534,0.000,0.000,0.000,1.017,0.000,0.000,0.000,,0.000,0.000,0.000,0.000,0.000,0.000,0.000,0.000,0.000,,,,,,,,,,,,,,,,,,,,,,,,,,,,,,,,,,,,,,,,,,,,,,,,,,,,,,,,,,,,,,,,,,,,,,,,,,,,,,,,
PCXXX(52:4)_[M+OAC]1-,PC,1064.8264,0.000,0.000,0.000,0.000,0.000,0.000,0.000,0.000,,0.000,0.000,0.000,0.000,0.000,0.000,0.146,0.000,0.000,,,,,,,,,,,,,,,,,,,,,,,,,,,,,,,,,,,,,,,,,,,,,,,,,,,,,,,,,,,,,,,,,,,,,,,,,,,,,,,,
PC-OX(29:0)_[M+OAC]1-,PC-O,736.5498,0.000,0.000,0.000,0.000,0.000,0.000,0.000,0.000,,0.000,0.671,0.825,0.000,0.000,0.000,0.000,0.000,0.000,,,,,,,,,,,,,,,,,,,,,,,,,,,,,,,,,,,,,,,,,,,,,,,,,,,,,,,,,,,,,,,,,,,,,,,,,,,,,,,,
PC-OX(31:1)_[M+OAC]1-,PC-O,762.5654,0.000,0.000,0.000,2.536,0.000,0.000,0.000,0.000,,0.000,0.000,0.943,0.000,0.000,0.000,0.000,0.442,0.000,,,,,,,,,,,,,,,,,,,,,,,,,,,,,,,,,,,,,,,,,,,,,,,,,,,,,,,,,,,,,,,,,,,,,,,,,,,,,,,,
PC-OX(33:1)_[M+OAC]1-,PC-O,790.5967,0.000,1.590,0.000,0.938,0.000,0.000,0.000,0.000,,3.810,0.198,0.000,0.000,0.000,0.000,0.000,0.000,0.000,,,,,,,,,,,,,,,,,,,,,,,,,,,,,,,,,,,,,,,,,,,,,,,,,,,,,,,,,,,,,,,,,,,,,,,,,,,,,,,,
PC-OX(33:2)_[M+OAC]1-,PC-O,788.5811,2.072,0.000,0.000,0.000,0.000,0.000,0.000,0.000,,0.818,0.000,2.233,0.000,0.000,0.000,0.000,0.000,0.000,,,,,,,,,,,,,,,,,,,,,,,,,,,,,,,,,,,,,,,,,,,,,,,,,,,,,,,,,,,,,,,,,,,,,,,,,,,,,,,,
PC-OX(33:3)_[M+OAC]1-,PC-O,786.5654,1.943,0.000,0.000,0.735,0.000,0.397,0.000,0.000,,0.000,0.789,0.000,0.000,1.167,0.000,0.146,0.421,0.000,,,,,,,,,,,,,,,,,,,,,,,,,,,,,,,,,,,,,,,,,,,,,,,,,,,,,,,,,,,,,,,,,,,,,,,,,,,,,,,,
PC-OX(34:0)_[M+OAC]1-,PC-O,806.628,2.538,0.000,0.000,0.000,0.000,0.000,0.000,0.000,,0.000,0.000,0.000,0.000,0.000,0.000,0.000,0.000,0.000,,,,,,,,,,,,,,,,,,,,,,,,,,,,,,,,,,,,,,,,,,,,,,,,,,,,,,,,,,,,,,,,,,,,,,,,,,,,,,,,
PC-OX(34:3)_[M+OAC]1-,PC-O,800.5811,0.000,0.000,0.000,0.000,0.000,0.000,0.000,3.619,,0.000,0.000,0.000,0.000,0.000,0.000,0.076,0.000,0.000,,,,,,,,,,,,,,,,,,,,,,,,,,,,,,,,,,,,,,,,,,,,,,,,,,,,,,,,,,,,,,,,,,,,,,,,,,,,,,,,
PC-OX(34:4)_[M+OAC]1-,PC-O,798.5654,0.000,0.000,0.000,0.000,0.000,0.000,0.000,1.098,,0.000,0.000,0.000,0.000,3.055,0.000,0.131,0.000,0.758,,,,,,,,,,,,,,,,,,,,,,,,,,,,,,,,,,,,,,,,,,,,,,,,,,,,,,,,,,,,,,,,,,,,,,,,,,,,,,,,
PC-OX(34:5)_[M+OAC]1-,PC-O,796.5498,193.625,232.166,160.904,64.180,110.337,51.660,163.606,146.152,,43.777,6.257,39.226,64.549,22.309,13.297,5.101,11.173,14.786,,,,,,,,,,,,,,,,,,,,,,,,,,,,,,,,,,,,,,,,,,,,,,,,,,,,,,,,,,,,,,,,,,,,,,,,,,,,,,,,
PC-OX(35:2)_[M+OAC]1-,PC-O,816.6124,0.000,0.000,0.000,0.000,0.000,0.000,0.000,0.000,,0.479,0.000,0.000,0.000,0.000,0.000,0.000,0.000,0.000,,,,,,,,,,,,,,,,,,,,,,,,,,,,,,,,,,,,,,,,,,,,,,,,,,,,,,,,,,,,,,,,,,,,,,,,,,,,,,,,
PC-OX(35:4)_[M+OAC]1-,PC-O,812.5811,1.982,0.000,0.000,0.909,0.000,0.000,0.000,0.000,,0.000,0.000,0.000,2.361,0.000,0.000,0.000,0.000,0.000,,,,,,,,,,,,,,,,,,,,,,,,,,,,,,,,,,,,,,,,,,,,,,,,,,,,,,,,,,,,,,,,,,,,,,,,,,,,,,,,
PC-OX(36:1)_[M+OAC]1-,PC-O,832.6437,0.000,0.000,0.000,0.000,0.000,0.000,0.000,0.000,,0.000,0.000,0.000,0.000,0.000,0.000,0.088,0.000,0.000,,,,,,,,,,,,,,,,,,,,,,,,,,,,,,,,,,,,,,,,,,,,,,,,,,,,,,,,,,,,,,,,,,,,,,,,,,,,,,,,
PC-OX(36:2)_[M+Cl]1-,PC-O,806.5836,0.000,0.000,0.000,0.000,0.000,0.000,0.000,0.000,,0.000,0.866,0.000,0.000,0.633,0.000,1.959,0.430,0.000,,,,,,,,,,,,,,,,,,,,,,,,,,,,,,,,,,,,,,,,,,,,,,,,,,,,,,,,,,,,,,,,,,,,,,,,,,,,,,,,
PC-OX(36:2)_[M+OAC]1-,PC-O,830.628,0.000,0.000,0.000,0.000,0.000,0.000,0.000,0.000,,0.000,0.000,0.000,0.000,0.000,0.000,0.168,0.000,0.000,,,,,,,,,,,,,,,,,,,,,,,,,,,,,,,,,,,,,,,,,,,,,,,,,,,,,,,,,,,,,,,,,,,,,,,,,,,,,,,,
PC-OX(36:4)_[M+OAC]1-,PC-O,826.5967,0.000,0.000,0.000,0.000,0.000,0.000,0.000,0.000,,0.000,0.000,0.000,0.000,0.000,1.408,0.000,0.000,0.000,,,,,,,,,,,,,,,,,,,,,,,,,,,,,,,,,,,,,,,,,,,,,,,,,,,,,,,,,,,,,,,,,,,,,,,,,,,,,,,,
PC-OX(36:5)_[M+OAC]1-,PC-O,824.5811,0.000,0.000,0.000,0.000,1.225,0.000,0.000,0.000,,0.000,0.000,0.000,0.000,0.843,0.000,0.128,0.000,0.000,,,,,,,,,,,,,,,,,,,,,,,,,,,,,,,,,,,,,,,,,,,,,,,,,,,,,,,,,,,,,,,,,,,,,,,,,,,,,,,,
PC-OX(37:1)_[M+OAC]1-,PC-O,846.6593,0.000,2.313,0.000,0.000,0.000,0.000,0.000,0.000,,0.000,0.000,0.000,0.000,0.000,0.000,0.157,0.000,0.000,,,,,,,,,,,,,,,,,,,,,,,,,,,,,,,,,,,,,,,,,,,,,,,,,,,,,,,,,,,,,,,,,,,,,,,,,,,,,,,,
PC-OX(37:2)_[M+Cl]1-,PC-O,820.5992,0.000,0.000,0.000,0.679,0.000,0.000,0.000,2.203,,0.000,0.000,0.000,0.000,0.000,0.000,0.000,0.000,0.000,,,,,,,,,,,,,,,,,,,,,,,,,,,,,,,,,,,,,,,,,,,,,,,,,,,,,,,,,,,,,,,,,,,,,,,,,,,,,,,,
PC-OX(37:4)_[M+OAC]1-,PC-O,840.6124,0.000,0.000,0.000,0.000,0.000,0.000,2.125,0.000,,0.000,0.000,0.000,0.000,0.000,0.000,0.000,0.000,0.000,,,,,,,,,,,,,,,,,,,,,,,,,,,,,,,,,,,,,,,,,,,,,,,,,,,,,,,,,,,,,,,,,,,,,,,,,,,,,,,,
PC-OX(38:1)_[M+OAC]1-,PC-O,860.675,0.000,0.000,0.000,0.000,0.000,0.000,0.000,0.000,,0.000,0.000,0.443,0.000,0.000,0.000,0.000,0.000,0.000,,,,,,,,,,,,,,,,,,,,,,,,,,,,,,,,,,,,,,,,,,,,,,,,,,,,,,,,,,,,,,,,,,,,,,,,,,,,,,,,
PC-OX(38:5)_[M+OAC]1-,PC-O,852.6124,0.000,0.000,0.000,0.000,0.000,0.000,0.000,0.000,,0.000,0.000,0.000,3.951,0.000,0.000,0.000,0.000,0.000,,,,,,,,,,,,,,,,,,,,,,,,,,,,,,,,,,,,,,,,,,,,,,,,,,,,,,,,,,,,,,,,,,,,,,,,,,,,,,,,
PC-OX(39:0)_[M+Cl]1-,PC-O,852.6618,0.000,0.000,0.000,0.984,25.206,0.000,0.000,0.000,,0.000,0.000,0.000,0.000,0.000,0.000,0.000,0.000,0.000,,,,,,,,,,,,,,,,,,,,,,,,,,,,,,,,,,,,,,,,,,,,,,,,,,,,,,,,,,,,,,,,,,,,,,,,,,,,,,,,
PC-OX(39:1)_[M+OAC]1-,PC-O,874.6906,0.000,0.000,0.000,0.000,0.000,0.000,0.000,0.000,,0.000,0.000,0.000,3.559,0.000,0.000,0.000,0.000,0.000,,,,,,,,,,,,,,,,,,,,,,,,,,,,,,,,,,,,,,,,,,,,,,,,,,,,,,,,,,,,,,,,,,,,,,,,,,,,,,,,
PC-OX(40:3)_[M+Cl]1-,PC-O,860.6305,0.000,0.000,0.000,0.000,0.000,0.000,0.000,0.000,,95.831,0.000,0.000,0.000,0.000,0.000,0.715,0.000,0.000,,,,,,,,,,,,,,,,,,,,,,,,,,,,,,,,,,,,,,,,,,,,,,,,,,,,,,,,,,,,,,,,,,,,,,,,,,,,,,,,
PC-OX(40:4)_[M+Cl]1-,PC-O,858.6149,0.000,0.000,1.077,0.000,0.000,0.000,2.256,0.000,,0.000,0.000,0.000,0.000,0.000,0.000,0.000,0.000,0.358,,,,,,,,,,,,,,,,,,,,,,,,,,,,,,,,,,,,,,,,,,,,,,,,,,,,,,,,,,,,,,,,,,,,,,,,,,,,,,,,
PC-OX(40:5)_[M+Cl]1-,PC-O,856.5992,0.000,0.000,0.000,0.000,0.000,0.000,0.000,0.000,,0.000,0.000,0.393,0.000,0.000,1.017,0.000,0.000,0.000,,,,,,,,,,,,,,,,,,,,,,,,,,,,,,,,,,,,,,,,,,,,,,,,,,,,,,,,,,,,,,,,,,,,,,,,,,,,,,,,
PC-OX(40:5)_[M+OAC]1-,PC-O,880.6437,0.000,0.000,1.569,0.000,1.459,0.407,0.000,0.000,,0.366,0.000,0.891,0.000,0.776,0.000,0.000,0.000,0.000,,,,,,,,,,,,,,,,,,,,,,,,,,,,,,,,,,,,,,,,,,,,,,,,,,,,,,,,,,,,,,,,,,,,,,,,,,,,,,,,
PC-OX(40:7)_[M+OAC]1-,PC-O,876.6124,0.000,0.000,0.000,0.000,0.000,0.000,0.000,0.000,,0.000,0.390,0.000,0.000,0.000,0.000,0.440,0.000,0.000,,,,,,,,,,,,,,,,,,,,,,,,,,,,,,,,,,,,,,,,,,,,,,,,,,,,,,,,,,,,,,,,,,,,,,,,,,,,,,,,
PC-OX(42:0)_[M+OAC]1-,PC-O,918.7532,0.000,0.000,1.235,0.000,0.000,0.000,0.000,0.000,,0.000,0.000,0.000,0.000,0.000,0.000,0.000,0.000,0.000,,,,,,,,,,,,,,,,,,,,,,,,,,,,,,,,,,,,,,,,,,,,,,,,,,,,,,,,,,,,,,,,,,,,,,,,,,,,,,,,
PC-OX(42:4)_[M+Cl]1-,PC-O,886.6462,0.000,0.000,0.000,0.000,0.000,0.000,0.000,0.000,,0.000,0.000,0.557,0.000,0.000,0.000,0.000,0.000,0.000,,,,,,,,,,,,,,,,,,,,,,,,,,,,,,,,,,,,,,,,,,,,,,,,,,,,,,,,,,,,,,,,,,,,,,,,,,,,,,,,
PC-OX(42:5)_[M+Cl]1-,PC-O,884.6305,0.000,0.000,0.000,0.000,0.000,0.000,0.000,0.000,,0.000,0.000,0.000,0.000,0.000,0.000,0.000,0.000,0.000,,,,,,,,,,,,,,,,,,,,,,,,,,,,,,,,,,,,,,,,,,,,,,,,,,,,,,,,,,,,,,,,,,,,,,,,,,,,,,,,
PC-OX(42:5)_[M+OAC]1-,PC-O,908.675,0.000,0.000,0.000,0.261,0.000,0.000,2.173,0.000,,0.000,0.000,0.000,4.187,0.000,0.000,0.000,0.000,0.000,,,,,,,,,,,,,,,,,,,,,,,,,,,,,,,,,,,,,,,,,,,,,,,,,,,,,,,,,,,,,,,,,,,,,,,,,,,,,,,,
PC-OX(42:6)_[M+Cl]1-,PC-O,882.6149,0.000,0.000,1.898,0.839,0.000,0.000,0.000,0.000,,0.000,0.435,0.000,4.243,0.000,0.000,0.000,0.000,0.000,,,,,,,,,,,,,,,,,,,,,,,,,,,,,,,,,,,,,,,,,,,,,,,,,,,,,,,,,,,,,,,,,,,,,,,,,,,,,,,,
PC-OX(44:5)_[M+OAC]1-,PC-O,936.7063,0.000,0.000,0.000,0.000,0.000,0.000,0.000,0.000,,0.000,0.000,0.000,0.000,0.000,0.000,0.000,0.000,0.000,,,,,,,,,,,,,,,,,,,,,,,,,,,,,,,,,,,,,,,,,,,,,,,,,,,,,,,,,,,,,,,,,,,,,,,,,,,,,,,,
PEXXX(29:0)_[M-H]1-,PE,648.461,0.000,0.000,0.000,0.000,0.000,0.496,0.000,0.000,,0.000,5.415,0.000,0.000,0.000,0.000,6.889,2.678,1.538,,,,,,,,,,,,,,,,,,,,,,,,,,,,,,,,,,,,,,,,,,,,,,,,,,,,,,,,,,,,,,,,,,,,,,,,,,,,,,,,
PEXXX(31:0)_[M-H]1-,PE,676.4923,2.254,0.000,1.811,0.577,0.000,0.392,3.533,0.000,,0.000,5.039,0.000,0.000,0.000,0.000,4.056,1.288,1.983,,,,,,,,,,,,,,,,,,,,,,,,,,,,,,,,,,,,,,,,,,,,,,,,,,,,,,,,,,,,,,,,,,,,,,,,,,,,,,,,
PEXXX(32:1)_[M-H]1-,PE,688.4923,0.000,0.000,0.000,0.000,0.000,0.000,0.651,0.000,,0.000,0.000,0.000,0.000,0.000,0.000,0.000,0.000,0.000,,,,,,,,,,,,,,,,,,,,,,,,,,,,,,,,,,,,,,,,,,,,,,,,,,,,,,,,,,,,,,,,,,,,,,,,,,,,,,,,
PEXXX(33:0)_[M-H]1-,PE,704.5236,1.912,1.723,2.573,0.000,0.000,0.000,7.090,5.178,,0.631,1.140,0.806,0.000,0.000,0.000,0.417,0.000,0.000,,,,,,,,,,,,,,,,,,,,,,,,,,,,,,,,,,,,,,,,,,,,,,,,,,,,,,,,,,,,,,,,,,,,,,,,,,,,,,,,
PEXXX(33:4)_[M-H]1-,PE,696.461,0.000,0.000,0.000,0.000,0.000,0.000,0.000,0.000,,0.000,0.000,0.000,0.000,0.000,0.156,0.270,0.515,1.358,,,,,,,,,,,,,,,,,,,,,,,,,,,,,,,,,,,,,,,,,,,,,,,,,,,,,,,,,,,,,,,,,,,,,,,,,,,,,,,,
PEXXX(34:0)_[M-H]1-,PE,718.5392,0.000,0.000,2.144,1.339,0.000,0.035,1.404,0.002,,0.747,1.547,0.112,0.000,0.082,0.000,10.299,5.168,0.000,,,,,,,,,,,,,,,,,,,,,,,,,,,,,,,,,,,,,,,,,,,,,,,,,,,,,,,,,,,,,,,,,,,,,,,,,,,,,,,,
PEXXX(34:2)_[M-H]1-,PE,714.5079,0.000,0.000,1.092,0.000,1.700,0.595,0.000,0.000,,1.002,0.000,0.000,4.401,0.625,0.000,0.000,0.000,0.000,,,,,,,,,,,,,,,,,,,,,,,,,,,,,,,,,,,,,,,,,,,,,,,,,,,,,,,,,,,,,,,,,,,,,,,,,,,,,,,,
PEXXX(36:1)_[M-H]1-,PE,744.5487,1.690,0.000,0.000,1.074,0.000,0.396,1.562,0.000,,37.925,19.257,1.931,0.000,5.650,0.000,31.585,35.103,0.000,,,,,,,,,,,,,,,,,,,,,,,,,,,,,,,,,,,,,,,,,,,,,,,,,,,,,,,,,,,,,,,,,,,,,,,,,,,,,,,,
PEXXX(36:2)_[M-H]1-,PE,742.5392,276.049,171.305,225.225,300.582,216.476,48.517,203.985,192.820,,200.383,33.564,300.526,64.381,311.481,288.801,27.636,23.093,265.563,,,,,,,,,,,,,,,,,,,,,,,,,,,,,,,,,,,,,,,,,,,,,,,,,,,,,,,,,,,,,,,,,,,,,,,,,,,,,,,,
PEXXX(36:4)_[M-H]1-,PE,738.5079,11.892,11.247,26.139,44.943,16.431,8.667,15.708,7.510,,55.938,1.958,71.776,7.492,57.778,63.448,3.356,2.890,35.245,,,,,,,,,,,,,,,,,,,,,,,,,,,,,,,,,,,,,,,,,,,,,,,,,,,,,,,,,,,,,,,,,,,,,,,,,,,,,,,,
PEXXX(36:7)_[M-H]1-,PE,732.461,0.000,0.000,2.932,0.000,0.000,0.000,2.831,0.000,,0.000,0.000,0.000,0.000,0.000,0.000,0.000,0.000,0.000,,,,,,,,,,,,,,,,,,,,,,,,,,,,,,,,,,,,,,,,,,,,,,,,,,,,,,,,,,,,,,,,,,,,,,,,,,,,,,,,
PEXXX(38:4)_[M-H]1-,PE,766.5392,136.721,131.078,142.395,271.720,261.382,44.432,145.893,100.905,,226.681,25.827,291.499,26.594,295.900,320.433,46.503,65.120,259.041,,,,,,,,,,,,,,,,,,,,,,,,,,,,,,,,,,,,,,,,,,,,,,,,,,,,,,,,,,,,,,,,,,,,,,,,,,,,,,,,
PEXXX(38:5)_[M-H]1-,PE,764.5236,77.362,26.089,52.343,151.088,111.746,20.946,49.388,46.776,,84.074,0.468,146.527,0.000,134.880,144.382,5.656,9.679,101.254,,,,,,,,,,,,,,,,,,,,,,,,,,,,,,,,,,,,,,,,,,,,,,,,,,,,,,,,,,,,,,,,,,,,,,,,,,,,,,,,
PEXXX(39:2)_[M-H]1-,PE,784.5862,0.000,0.000,0.000,0.000,0.000,0.000,0.000,0.000,,0.272,0.000,0.000,0.000,0.000,0.722,0.000,0.071,0.763,,,,,,,,,,,,,,,,,,,,,,,,,,,,,,,,,,,,,,,,,,,,,,,,,,,,,,,,,,,,,,,,,,,,,,,,,,,,,,,,
PEXXX(40:2)_[M-H]1-,PE,798.6018,1.763,0.000,0.000,0.000,0.000,0.000,0.889,0.000,,0.000,0.000,0.000,0.000,0.000,0.000,0.157,0.000,0.525,,,,,,,,,,,,,,,,,,,,,,,,,,,,,,,,,,,,,,,,,,,,,,,,,,,,,,,,,,,,,,,,,,,,,,,,,,,,,,,,
PEXXX(40:4)_[M-H]1-,PE,794.5705,0.000,0.000,0.000,0.815,1.482,0.730,1.309,0.000,,1.224,3.328,0.000,0.000,0.000,0.000,5.554,6.785,0.000,,,,,,,,,,,,,,,,,,,,,,,,,,,,,,,,,,,,,,,,,,,,,,,,,,,,,,,,,,,,,,,,,,,,,,,,,,,,,,,,
PEXXX(40:6)_[M-H]1-,PE,790.5392,0.000,0.000,0.000,0.879,0.000,0.356,0.000,0.000,,0.729,32.468,0.000,0.000,0.000,0.000,68.051,112.403,0.000,,,,,,,,,,,,,,,,,,,,,,,,,,,,,,,,,,,,,,,,,,,,,,,,,,,,,,,,,,,,,,,,,,,,,,,,,,,,,,,,
PEXXX(40:9)_[M-H]1-,PE,784.4923,0.000,0.000,0.000,0.000,0.000,0.337,0.000,0.000,,0.000,0.532,0.000,0.000,0.000,0.000,0.000,0.501,0.000,,,,,,,,,,,,,,,,,,,,,,,,,,,,,,,,,,,,,,,,,,,,,,,,,,,,,,,,,,,,,,,,,,,,,,,,,,,,,,,,
PEXXX(43:2)_[M-H]1-,PE,840.6488,0.000,0.000,1.667,0.685,0.000,0.408,0.199,0.000,,0.000,0.000,1.434,3.395,1.724,3.191,0.173,0.446,1.597,,,,,,,,,,,,,,,,,,,,,,,,,,,,,,,,,,,,,,,,,,,,,,,,,,,,,,,,,,,,,,,,,,,,,,,,,,,,,,,,
PEXXX(44:4)_[M-H]1-,PE,850.6331,0.000,0.000,0.000,0.000,0.000,0.000,0.000,0.000,,0.000,0.000,0.000,0.000,0.000,0.000,0.000,0.000,0.000,,,,,,,,,,,,,,,,,,,,,,,,,,,,,,,,,,,,,,,,,,,,,,,,,,,,,,,,,,,,,,,,,,,,,,,,,,,,,,,,
PE-OX(34:3)_[M-H]1-,PE-O,698.513,0.000,0.000,0.000,0.000,0.000,0.328,4.419,0.000,,0.559,0.409,2.034,5.438,0.597,0.943,0.000,0.000,4.673,,,,,,,,,,,,,,,,,,,,,,,,,,,,,,,,,,,,,,,,,,,,,,,,,,,,,,,,,,,,,,,,,,,,,,,,,,,,,,,,
PE-OX(36:4)_[M-H]1-,PE-O,724.5287,0.000,0.000,1.821,0.394,0.000,0.000,0.000,0.000,,0.000,0.000,0.000,0.000,0.000,1.535,0.161,0.000,1.283,,,,,,,,,,,,,,,,,,,,,,,,,,,,,,,,,,,,,,,,,,,,,,,,,,,,,,,,,,,,,,,,,,,,,,,,,,,,,,,,
PE-OX(38:2)_[M-H]1-,PE-O,756.5913,0.000,0.000,0.000,0.606,0.000,0.000,0.000,0.000,,0.000,0.000,0.000,1.093,0.000,0.000,0.449,2.366,0.000,,,,,,,,,,,,,,,,,,,,,,,,,,,,,,,,,,,,,,,,,,,,,,,,,,,,,,,,,,,,,,,,,,,,,,,,,,,,,,,,
PE-OX(38:4)_[M-H]1-,PE-O,752.56,0.000,0.000,1.455,0.000,0.000,0.000,0.000,0.668,,0.437,0.000,0.000,0.000,0.000,0.000,0.533,0.226,0.000,,,,,,,,,,,,,,,,,,,,,,,,,,,,,,,,,,,,,,,,,,,,,,,,,,,,,,,,,,,,,,,,,,,,,,,,,,,,,,,,
PE-OX(38:5)_[M-H]1-,PE-O,750.5443,0.000,0.000,0.000,0.000,0.000,0.000,0.000,0.000,,3.290,0.445,0.000,0.000,0.000,0.000,15.162,27.506,0.000,,,,,,,,,,,,,,,,,,,,,,,,,,,,,,,,,,,,,,,,,,,,,,,,,,,,,,,,,,,,,,,,,,,,,,,,,,,,,,,,
PE-OX(40:3)_[M-H]1-,PE-O,782.6069,1.122,0.000,0.000,0.000,0.000,0.000,0.000,0.000,,0.000,0.000,0.000,0.000,0.000,0.000,0.000,0.000,0.000,,,,,,,,,,,,,,,,,,,,,,,,,,,,,,,,,,,,,,,,,,,,,,,,,,,,,,,,,,,,,,,,,,,,,,,,,,,,,,,,
PE-OX(40:7)_[M-H]1-,PE-O,774.5443,0.000,0.000,0.049,0.000,0.000,0.000,0.000,0.000,,0.000,2.600,0.569,0.000,0.000,0.000,26.474,43.117,0.000,,,,,,,,,,,,,,,,,,,,,,,,,,,,,,,,,,,,,,,,,,,,,,,,,,,,,,,,,,,,,,,,,,,,,,,,,,,,,,,,
PGXXX(36:1)_[M-H]1-,PG,775.548913,2.496,2.858,0.000,6.023,0.000,1.600,0.000,2.153,,1.711,3.725,5.820,0.000,5.242,4.770,16.689,43.355,1.276,,,,,,,,,,,,,,,,,,,,,,,,,,,,,,,,,,,,,,,,,,,,,,,,,,,,,,,,,,,,,,,,,,,,,,,,,,,,,,,,
PGXXX(39:2)_[M-H]1-,PG,815.580213,0.000,0.000,0.000,0.000,0.000,0.000,3.793,0.000,,0.507,0.000,0.000,0.415,0.954,0.000,0.000,0.000,0.150,,,,,,,,,,,,,,,,,,,,,,,,,,,,,,,,,,,,,,,,,,,,,,,,,,,,,,,,,,,,,,,,,,,,,,,,,,,,,,,,
PGXXX(43:4)_[M-H]1-,PG,867.611513,0.000,0.000,0.000,0.000,0.000,0.000,0.000,0.000,,0.426,0.000,0.000,10.155,0.000,0.000,0.000,0.000,0.000,,,,,,,,,,,,,,,,,,,,,,,,,,,,,,,,,,,,,,,,,,,,,,,,,,,,,,,,,,,,,,,,,,,,,,,,,,,,,,,,
PGXXX(43:5)_[M-H]1-,PG,865.595863,0.000,0.000,0.000,0.676,0.000,0.000,0.000,0.000,,0.620,0.000,0.000,0.000,0.000,0.000,0.034,0.112,1.041,,,,,,,,,,,,,,,,,,,,,,,,,,,,,,,,,,,,,,,,,,,,,,,,,,,,,,,,,,,,,,,,,,,,,,,,,,,,,,,,
PGXXX(44:9)_[M-H]1-,PG,871.548913,0.000,0.000,0.754,0.738,0.000,0.191,0.000,3.527,,0.000,0.858,0.539,0.000,0.000,0.983,0.000,0.528,0.000,,,,,,,,,,,,,,,,,,,,,,,,,,,,,,,,,,,,,,,,,,,,,,,,,,,,,,,,,,,,,,,,,,,,,,,,,,,,,,,,
PGXXX(46:7)_[M-H]1-,PG,903.611513,3.847,1.835,0.000,0.000,0.000,0.349,2.520,0.000,,0.000,0.000,0.000,0.000,0.731,0.000,0.000,0.131,0.000,,,,,,,,,,,,,,,,,,,,,,,,,,,,,,,,,,,,,,,,,,,,,,,,,,,,,,,,,,,,,,,,,,,,,,,,,,,,,,,,
PGXXX(48:7)_[M-H]1-,PG,931.642813,0.143,0.000,1.881,0.000,0.000,0.000,0.000,0.000,,0.000,0.000,0.000,0.000,0.000,0.000,0.000,0.000,0.000,,,,,,,,,,,,,,,,,,,,,,,,,,,,,,,,,,,,,,,,,,,,,,,,,,,,,,,,,,,,,,,,,,,,,,,,,,,,,,,,
PGXXX(50:9)_[M-H]1-,PG,955.642813,0.000,0.000,1.337,0.000,0.541,0.357,0.000,0.000,,0.000,0.000,0.000,0.000,0.000,0.000,0.000,0.000,0.000,,,,,,,,,,,,,,,,,,,,,,,,,,,,,,,,,,,,,,,,,,,,,,,,,,,,,,,,,,,,,,,,,,,,,,,,,,,,,,,,
PG-OX(39:0)_[M-H]1-,PG-O,805.6328,0.000,0.000,0.000,0.000,0.991,0.000,0.000,0.000,,0.000,0.000,0.000,4.017,0.000,1.068,0.000,0.000,0.000,,,,,,,,,,,,,,,,,,,,,,,,,,,,,,,,,,,,,,,,,,,,,,,,,,,,,,,,,,,,,,,,,,,,,,,,,,,,,,,,
PG-OX(40:2)_[M-H]1-,PG-O,815.6171,0.000,1.544,0.000,0.000,0.000,0.000,0.000,1.442,,0.000,0.000,0.000,0.000,0.000,0.000,0.000,0.000,0.000,,,,,,,,,,,,,,,,,,,,,,,,,,,,,,,,,,,,,,,,,,,,,,,,,,,,,,,,,,,,,,,,,,,,,,,,,,,,,,,,
PG-OX(42:6)_[M-H]1-,PG-O,835.5858,0.000,1.125,0.000,0.462,1.210,0.000,0.000,1.704,,0.000,0.000,0.000,0.000,0.000,0.000,0.274,0.215,1.072,,,,,,,,,,,,,,,,,,,,,,,,,,,,,,,,,,,,,,,,,,,,,,,,,,,,,,,,,,,,,,,,,,,,,,,,,,,,,,,,
PIXXX(32:1)_[M-H]1-,PI,807.502358,11.298,3.963,17.105,4.321,39.419,2.461,3.943,20.250,,1.223,0.000,0.000,0.000,1.089,0.000,0.000,0.000,0.000,,,,,,,,,,,,,,,,,,,,,,,,,,,,,,,,,,,,,,,,,,,,,,,,,,,,,,,,,,,,,,,,,,,,,,,,,,,,,,,,
PIXXX(34:0)_[M-H]1-,PI,837.549308,0.000,1.694,0.000,0.041,1.740,0.000,1.757,2.108,,0.852,0.000,0.000,3.438,0.000,0.000,0.151,0.416,0.912,,,,,,,,,,,,,,,,,,,,,,,,,,,,,,,,,,,,,,,,,,,,,,,,,,,,,,,,,,,,,,,,,,,,,,,,,,,,,,,,
PIXXX(35:0)_[M-H]1-,PI,851.564958,0.000,0.000,3.411,0.386,0.000,0.361,0.000,0.000,,0.000,1.405,0.000,6.041,0.000,0.000,0.654,0.213,0.000,,,,,,,,,,,,,,,,,,,,,,,,,,,,,,,,,,,,,,,,,,,,,,,,,,,,,,,,,,,,,,,,,,,,,,,,,,,,,,,,
PIXXX(35:2)_[M-H]1-,PI,847.533658,0.000,1.726,0.000,0.016,2.629,0.415,0.000,1.547,,0.350,0.461,0.000,0.000,0.000,0.000,0.358,0.218,0.000,,,,,,,,,,,,,,,,,,,,,,,,,,,,,,,,,,,,,,,,,,,,,,,,,,,,,,,,,,,,,,,,,,,,,,,,,,,,,,,,
PIXXX(36:1)_[M-H]1-,PI,863.564958,0.000,1.397,0.000,1.446,0.000,0.000,0.000,0.000,,0.000,0.914,0.616,0.000,0.000,1.872,0.960,2.584,0.000,,,,,,,,,,,,,,,,,,,,,,,,,,,,,,,,,,,,,,,,,,,,,,,,,,,,,,,,,,,,,,,,,,,,,,,,,,,,,,,,
PIXXX(37:0)_[M-H]1-,PI,879.596258,1.747,0.000,0.000,0.000,0.000,1.233,0.000,0.000,,0.000,0.000,0.000,0.000,0.000,0.000,4.091,1.181,0.000,,,,,,,,,,,,,,,,,,,,,,,,,,,,,,,,,,,,,,,,,,,,,,,,,,,,,,,,,,,,,,,,,,,,,,,,,,,,,,,,
PIXXX(37:4)_[M-H]1-,PI,871.533658,0.000,0.000,0.000,0.806,0.000,0.000,0.000,3.309,,0.000,0.858,0.000,0.000,0.000,0.746,0.000,0.448,0.000,,,,,,,,,,,,,,,,,,,,,,,,,,,,,,,,,,,,,,,,,,,,,,,,,,,,,,,,,,,,,,,,,,,,,,,,,,,,,,,,
PIXXX(37:6)_[M-H]1-,PI,867.502358,2.325,0.000,1.405,0.000,0.000,1.160,0.000,8.588,,0.000,0.000,0.691,0.000,0.000,0.000,0.000,0.000,0.000,,,,,,,,,,,,,,,,,,,,,,,,,,,,,,,,,,,,,,,,,,,,,,,,,,,,,,,,,,,,,,,,,,,,,,,,,,,,,,,,
PIXXX(38:5)_[M-H]1-,PI,883.533658,0.000,0.000,0.000,0.000,0.690,0.000,0.000,0.000,,0.000,0.796,0.000,0.000,0.621,0.000,3.432,6.360,0.000,,,,,,,,,,,,,,,,,,,,,,,,,,,,,,,,,,,,,,,,,,,,,,,,,,,,,,,,,,,,,,,,,,,,,,,,,,,,,,,,
PIXXX(39:0)_[M-H]1-,PI,907.627558,0.000,0.000,0.000,0.000,0.000,0.326,0.000,0.000,,0.542,0.000,1.160,5.787,0.000,0.181,4.534,0.193,0.000,,,,,,,,,,,,,,,,,,,,,,,,,,,,,,,,,,,,,,,,,,,,,,,,,,,,,,,,,,,,,,,,,,,,,,,,,,,,,,,,
PIXXX(39:2)_[M-H]1-,PI,903.596258,3.847,1.921,0.000,0.755,0.000,0.386,1.271,0.000,,0.000,0.029,0.000,0.000,1.148,0.000,0.000,0.000,0.000,,,,,,,,,,,,,,,,,,,,,,,,,,,,,,,,,,,,,,,,,,,,,,,,,,,,,,,,,,,,,,,,,,,,,,,,,,,,,,,,
PIXXX(40:0)_[M-H]1-,PI,921.643208,0.990,0.000,0.000,0.000,0.000,0.000,0.000,0.000,,0.000,0.000,0.000,0.000,0.000,0.000,0.000,0.000,1.621,,,,,,,,,,,,,,,,,,,,,,,,,,,,,,,,,,,,,,,,,,,,,,,,,,,,,,,,,,,,,,,,,,,,,,,,,,,,,,,,
PIXXX(43:4)_[M-H]1-,PI,955.627558,0.000,0.000,1.285,0.000,1.161,0.000,0.000,0.000,,0.000,0.000,0.000,0.000,0.000,0.000,0.152,0.000,0.000,,,,,,,,,,,,,,,,,,,,,,,,,,,,,,,,,,,,,,,,,,,,,,,,,,,,,,,,,,,,,,,,,,,,,,,,,,,,,,,,
PIXXX(44:5)_[M-H]1-,PI,967.627558,0.000,0.000,0.000,0.000,0.000,0.033,0.000,0.000,,0.000,0.000,0.000,0.000,0.000,0.000,0.020,0.000,0.000,,,,,,,,,,,,,,,,,,,,,,,,,,,,,,,,,,,,,,,,,,,,,,,,,,,,,,,,,,,,,,,,,,,,,,,,,,,,,,,,
PIXXX(46:3)_[M-H]1-,PI,999.690158,1.151,1.101,0.000,0.000,1.394,0.211,0.000,0.000,,0.851,0.000,0.000,0.000,0.000,0.000,0.000,0.000,0.000,,,,,,,,,,,,,,,,,,,,,,,,,,,,,,,,,,,,,,,,,,,,,,,,,,,,,,,,,,,,,,,,,,,,,,,,,,,,,,,,
PI-OX(38:6)_[M-H]1-,PI-O,867.5393,0.000,0.000,0.000,0.000,0.000,0.373,0.000,0.000,,0.000,0.000,0.000,4.522,0.000,1.098,0.460,0.000,0.000,,,,,,,,,,,,,,,,,,,,,,,,,,,,,,,,,,,,,,,,,,,,,,,,,,,,,,,,,,,,,,,,,,,,,,,,,,,,,,,,
PI-OX(40:2)_[M-H]1-,PI-O,903.6332,0.213,0.000,0.000,0.000,0.000,0.000,0.000,0.000,,0.000,0.000,0.000,0.000,0.719,0.000,0.000,0.203,0.296,,,,,,,,,,,,,,,,,,,,,,,,,,,,,,,,,,,,,,,,,,,,,,,,,,,,,,,,,,,,,,,,,,,,,,,,,,,,,,,,
PI-OX(40:5)_[M-H]1-,PI-O,897.5862,0.000,2.098,0.000,0.000,1.060,0.000,1.825,0.000,,1.110,0.000,1.102,0.000,0.000,0.000,0.000,0.000,0.000,,,,,,,,,,,,,,,,,,,,,,,,,,,,,,,,,,,,,,,,,,,,,,,,,,,,,,,,,,,,,,,,,,,,,,,,,,,,,,,,
PI-OX(41:0)_[M-H]1-,PI-O,921.6801,1.322,0.000,2.475,0.000,0.000,0.375,0.000,0.000,,0.000,0.000,0.901,3.640,0.000,1.463,0.000,0.000,0.000,,,,,,,,,,,,,,,,,,,,,,,,,,,,,,,,,,,,,,,,,,,,,,,,,,,,,,,,,,,,,,,,,,,,,,,,,,,,,,,,
PI-OX(42:2)_[M-H]1-,PI-O,931.6645,0.000,0.000,0.000,0.000,0.000,0.000,1.385,0.000,,0.000,0.000,0.000,0.000,0.000,0.000,0.000,0.000,0.000,,,,,,,,,,,,,,,,,,,,,,,,,,,,,,,,,,,,,,,,,,,,,,,,,,,,,,,,,,,,,,,,,,,,,,,,,,,,,,,,
SMXXX(33:1)_[M+OAC]1-,SM,747.5658,0.000,2.614,0.000,2.128,0.000,2.408,2.127,0.000,,39.654,14.438,0.000,4.129,0.000,0.000,11.218,6.671,0.000,,,,,,,,,,,,,,,,,,,,,,,,,,,,,,,,,,,,,,,,,,,,,,,,,,,,,,,,,,,,,,,,,,,,,,,,,,,,,,,,
SMXXX(34:1)_[M+OAC]1-,SM,761.5814,5.930,1.465,2.775,0.039,9.848,0.000,3.447,0.000,,0.000,0.473,1.337,0.000,0.907,1.226,0.000,0.000,0.000,,,,,,,,,,,,,,,,,,,,,,,,,,,,,,,,,,,,,,,,,,,,,,,,,,,,,,,,,,,,,,,,,,,,,,,,,,,,,,,,
SMXXX(35:1)_[M+OAC]1-,SM,775.5971,1.659,0.000,0.000,0.000,0.000,0.000,3.666,0.000,,0.000,1.321,0.000,0.000,0.580,0.000,15.888,6.117,2.200,,,,,,,,,,,,,,,,,,,,,,,,,,,,,,,,,,,,,,,,,,,,,,,,,,,,,,,,,,,,,,,,,,,,,,,,,,,,,,,,
SMXXX(36:1)_[M+OAC]1-,SM,789.6127,0.000,0.000,1.487,0.000,19.860,0.000,1.858,0.000,,0.680,0.000,1.905,3.170,1.016,0.428,0.901,0.254,1.135,,,,,,,,,,,,,,,,,,,,,,,,,,,,,,,,,,,,,,,,,,,,,,,,,,,,,,,,,,,,,,,,,,,,,,,,,,,,,,,,
SMXXX(37:1)_[M+OAC]1-,SM,803.6284,0.000,0.000,0.000,0.000,0.000,0.000,0.000,0.000,,0.000,2.702,0.000,3.710,0.000,0.595,0.000,0.000,0.337,,,,,,,,,,,,,,,,,,,,,,,,,,,,,,,,,,,,,,,,,,,,,,,,,,,,,,,,,,,,,,,,,,,,,,,,,,,,,,,,
SMXXX(38:1)_[M+OAC]1-,SM,817.644,1.515,0.000,3.525,1.108,1.378,1.154,3.556,0.992,,0.000,0.415,0.958,3.354,0.000,1.057,0.000,0.255,0.000,,,,,,,,,,,,,,,,,,,,,,,,,,,,,,,,,,,,,,,,,,,,,,,,,,,,,,,,,,,,,,,,,,,,,,,,,,,,,,,,
SMXXX(38:2)_[M+OAC]1-,SM,815.6284,0.000,1.576,0.000,0.000,0.000,0.000,1.229,0.000,,0.000,0.000,0.000,0.000,0.000,0.000,0.000,0.000,0.000,,,,,,,,,,,,,,,,,,,,,,,,,,,,,,,,,,,,,,,,,,,,,,,,,,,,,,,,,,,,,,,,,,,,,,,,,,,,,,,,
SMXXX(38:3)_[M+OAC]1-,SM,813.6127,0.000,0.000,0.000,0.000,0.000,0.000,2.662,0.000,,0.000,0.000,0.000,0.000,0.000,0.000,0.000,0.000,0.000,,,,,,,,,,,,,,,,,,,,,,,,,,,,,,,,,,,,,,,,,,,,,,,,,,,,,,,,,,,,,,,,,,,,,,,,,,,,,,,,
SMXXX(39:1)_[M+OAC]1-,SM,831.6597,0.000,0.000,0.000,0.000,0.000,0.363,0.000,0.000,,0.000,0.399,0.000,3.431,0.000,0.000,1.040,0.438,1.482,,,,,,,,,,,,,,,,,,,,,,,,,,,,,,,,,,,,,,,,,,,,,,,,,,,,,,,,,,,,,,,,,,,,,,,,,,,,,,,,
SMXXX(39:2)_[M+OAC]1-,SM,829.644,0.000,0.000,0.000,0.000,0.000,0.000,0.000,0.000,,0.000,0.000,0.000,2.265,0.000,0.000,0.000,0.000,0.000,,,,,,,,,,,,,,,,,,,,,,,,,,,,,,,,,,,,,,,,,,,,,,,,,,,,,,,,,,,,,,,,,,,,,,,,,,,,,,,,
SMXXX(40:2)_[M+OAC]1-,SM,843.6597,0.000,0.000,0.000,0.000,0.000,0.000,0.000,0.000,,0.000,0.000,0.000,0.000,0.000,0.000,0.000,0.000,0.000,,,,,,,,,,,,,,,,,,,,,,,,,,,,,,,,,,,,,,,,,,,,,,,,,,,,,,,,,,,,,,,,,,,,,,,,,,,,,,,,
SMXXX(40:3)_[M+OAC]1-,SM,841.644,0.000,0.000,0.000,0.000,0.000,0.000,2.927,0.000,,0.000,0.000,0.000,0.000,0.000,0.000,0.000,0.000,1.114,,,,,,,,,,,,,,,,,,,,,,,,,,,,,,,,,,,,,,,,,,,,,,,,,,,,,,,,,,,,,,,,,,,,,,,,,,,,,,,,
SMXXX(41:0)_[M+OAC]1-,SM,859.691,0.000,0.000,0.000,0.000,0.000,0.000,1.813,0.000,,1.613,0.000,0.000,0.000,0.000,0.000,0.156,0.564,0.000,,,,,,,,,,,,,,,,,,,,,,,,,,,,,,,,,,,,,,,,,,,,,,,,,,,,,,,,,,,,,,,,,,,,,,,,,,,,,,,,
SMXXX(41:1)_[M+OAC]1-,SM,857.6753,0.000,0.000,0.000,0.826,0.000,0.535,0.000,0.000,,2.349,0.491,0.000,0.000,0.000,0.958,1.338,0.947,0.000,,,,,,,,,,,,,,,,,,,,,,,,,,,,,,,,,,,,,,,,,,,,,,,,,,,,,,,,,,,,,,,,,,,,,,,,,,,,,,,,
SMXXX(42:0)_[M+OAC]1-,SM,875.7223,0.000,0.000,0.000,0.888,0.000,0.000,0.000,0.000,,0.262,0.000,0.008,3.334,1.092,0.957,0.000,0.000,0.708,,,,,,,,,,,,,,,,,,,,,,,,,,,,,,,,,,,,,,,,,,,,,,,,,,,,,,,,,,,,,,,,,,,,,,,,,,,,,,,,
SMXXX(42:3)_[M+OAC]1-,SM,869.6753,0.000,0.000,0.000,0.000,0.000,0.237,0.000,0.000,,0.000,0.000,0.000,0.000,0.000,0.000,0.000,0.000,0.000,,,,,,,,,,,,,,,,,,,,,,,,,,,,,,,,,,,,,,,,,,,,,,,,,,,,,,,,,,,,,,,,,,,,,,,,,,,,,,,,
